index,sessionid,tablaid,utalasid,kezdes,befejezes,tipp,tipp1,tipp2,tipp3,tipp4,tipp5,tipp6,tipp7,tipp8,tipp9,tipp10,tipp11,tipp12
0,FCFD63C305DC0652DF51EE41342915D6,10,1,2021-11-10 06:15:13.422,2021-11-10 06:18:04.253,2,kocka,szél,,,,,,,,,,
1,FCFD63C305DC0652DF51EE41342915D6,23,3,2021-11-10 06:18:08.256,2021-11-10 06:21:42.068,5,taxi,kormány,királynő,hercegnő,iskola,,,,,,,
2,FCFD63C305DC0652DF51EE41342915D6,43,8,2021-11-10 06:22:08.365,2021-11-10 06:22:45.289,3,szakács,tudós,lovag,,,,,,,,,
3,FCFD63C305DC0652DF51EE41342915D6,5,0,2021-11-10 06:23:06.191,2021-11-10 06:26:08.907,5,barát,jogász,orvos,robot,kórház,,,,,,,
4,FCFD63C305DC0652DF51EE41342915D6,14,8,2021-11-10 06:26:16.807,2021-11-10 06:26:40.106,3,figura,tanár,pálya,,,,,,,,,
5,FCFD63C305DC0652DF51EE41342915D6,54,5,2021-11-10 06:27:00.263,2021-11-10 06:27:44.405,3,koporsó,rózsa,lélek,,,,,,,,,
6,FCFD63C305DC0652DF51EE41342915D6,46,7,2021-11-10 06:28:09.07,2021-11-10 06:28:26.8,2,labda,torta,,,,,,,,,,
7,FCFD63C305DC0652DF51EE41342915D6,56,7,2021-11-10 06:28:30.342,2021-11-10 06:32:15.054,2,kaszinó,pénz,,,,,,,,,,
8,FCFD63C305DC0652DF51EE41342915D6,26,4,2021-11-10 06:32:18.357,2021-11-10 06:33:05.36,2,csavar,barát,,,,,,,,,,
9,3053D1AD5A2D3F240570E28592BC2357,73,7,2021-11-10 07:34:53.685,2021-11-10 07:35:15.016,2,gyöngy,lyuk,,,,,,,,,,
10,3053D1AD5A2D3F240570E28592BC2357,12,0,2021-11-10 07:36:17.125,2021-11-10 07:36:29.915,4,macska,bika,ügynök,haza,,,,,,,,
11,73B9A964AA1BB52FD12646723E307F60,18,2,2021-11-10 08:43:48.848,2021-11-10 08:44:15.123,3,föld,hideg,szem,,,,,,,,,
12,73B9A964AA1BB52FD12646723E307F60,64,3,2021-11-10 08:44:19.175,2021-11-10 08:45:08.93,5,térkép,nyom,fedél,természet,elem,,,,,,,
13,73B9A964AA1BB52FD12646723E307F60,37,8,2021-11-10 08:45:13.96,2021-11-10 08:46:25.015,3,harang,meleg,zebra,,,,,,,,,
14,73B9A964AA1BB52FD12646723E307F60,33,7,2021-11-10 08:46:27.984,2021-11-10 08:47:12.419,2,követ,pénz,,,,,,,,,,
15,E390A893F29FF5D858E6803272C6FFBF,1,4,2021-11-10 13:18:35.806,2021-11-10 13:19:12.733,2,hideg,virág,,,,,,,,,,
16,722CA182F9E56C41347B0FA609CFFDC1,55,4,2021-11-10 13:21:39.456,2021-11-10 13:22:14.239,2,álom,denevér,,,,,,,,,,
17,722CA182F9E56C41347B0FA609CFFDC1,40,1,2021-11-10 13:22:21.089,2021-11-10 13:23:37.36,2,kulcs,egyenes,,,,,,,,,,
18,722CA182F9E56C41347B0FA609CFFDC1,40,1,2021-11-10 13:22:21.089,2021-11-10 13:24:44.884,2,kulcs,egyenes,,,,,,,,,,
19,722CA182F9E56C41347B0FA609CFFDC1,40,1,2021-11-10 13:22:21.089,2021-11-10 13:24:54.298,2,kulcs,egyenes,,,,,,,,,,
20,000BFB801C2393E58489EB2F92B54426,12,8,2021-11-10 13:22:23.032,2021-11-10 13:23:27.676,3,macska,villa,csavar,,,,,,,,,
21,000BFB801C2393E58489EB2F92B54426,97,7,2021-11-10 13:23:48.828,2021-11-10 13:24:23.758,2,csempész,határ,,,,,,,,,,
22,000BFB801C2393E58489EB2F92B54426,95,6,2021-11-10 13:24:27.367,2021-11-10 13:26:30.007,5,egér,ajtó,tévé,cipő,csizma,,,,,,,
23,722CA182F9E56C41347B0FA609CFFDC1,72,4,2021-11-10 13:25:31.195,2021-11-10 13:25:51.954,2,jogász,kormány,,,,,,,,,,
24,722CA182F9E56C41347B0FA609CFFDC1,51,7,2021-11-10 13:25:52.545,2021-11-10 13:26:19.705,2,egér,gazda,,,,,,,,,,
25,722CA182F9E56C41347B0FA609CFFDC1,17,6,2021-11-10 13:26:23.045,2021-11-10 13:27:01.328,4,gyémánt,robot,lovag,világos,,,,,,,,
26,000BFB801C2393E58489EB2F92B54426,81,6,2021-11-10 13:26:34.98,2021-11-10 13:27:33.494,4,pálya,függ,kemény,keret,,,,,,,,
27,722CA182F9E56C41347B0FA609CFFDC1,9,2,2021-11-10 13:27:03.862,2021-11-10 13:27:36.31,3,benzin,játék,telefon,,,,,,,,,
28,000BFB801C2393E58489EB2F92B54426,69,6,2021-11-10 13:27:59.51,2021-11-10 13:29:20.615,6,oszlop,asztal,nehéz,rakéta,hotel,szarv,,,,,,
29,000BFB801C2393E58489EB2F92B54426,93,2,2021-11-10 13:29:25.546,2021-11-10 13:30:00.037,3,szél,ruha,király,,,,,,,,,
30,000BFB801C2393E58489EB2F92B54426,50,7,2021-11-10 13:30:03.135,2021-11-10 13:31:16.56,2,pilóta,autó,,,,,,,,,,
31,E920119A90B7393CF7D738FD835F9A31,53,7,2021-11-10 13:30:09.076,2021-11-10 13:30:29.544,2,kormány,puska,,,,,,,,,,
32,E920119A90B7393CF7D738FD835F9A31,50,8,2021-11-10 13:30:47.965,2021-11-10 13:31:23.354,3,fűszer,föld,kenyér,,,,,,,,,
33,E920119A90B7393CF7D738FD835F9A31,37,1,2021-11-10 13:31:39.007,2021-11-10 13:31:56.84,2,szív,élet,,,,,,,,,,
34,BE5ABEA34DF0F3F9BE35CD8EA7B0C4E3,20,4,2021-11-10 13:31:52.618,2021-11-10 13:33:02.608,3,hullám,pilóta,csillag,,,,,,,,,
35,000BFB801C2393E58489EB2F92B54426,65,1,2021-11-10 13:31:56.782,2021-11-10 13:32:10.745,2,csokoládé,édes,,,,,,,,,,
36,E920119A90B7393CF7D738FD835F9A31,39,0,2021-11-10 13:32:11.739,2021-11-10 13:32:44.52,5,háború,rendőr,idegen,haza,lovag,,,,,,,
37,000BFB801C2393E58489EB2F92B54426,77,5,2021-11-10 13:32:14.612,2021-11-10 13:33:00.532,3,szerencse,másol,kritikus,,,,,,,,,
38,6575431E478B796ABAE676004C0C22AA,30,5,2021-11-10 13:32:23.395,2021-11-10 13:34:14.334,3,mese,szellem,oszt,,,,,,,,,
39,000BFB801C2393E58489EB2F92B54426,98,7,2021-11-10 13:33:09.623,2021-11-10 13:34:01.309,2,amazon,gomb,,,,,,,,,,
40,BE5ABEA34DF0F3F9BE35CD8EA7B0C4E3,53,3,2021-11-10 13:33:13.537,2021-11-10 13:34:19.193,7,kormány,bíró,meleg,természet,határ,puska,vonal,,,,,
41,E920119A90B7393CF7D738FD835F9A31,77,2,2021-11-10 13:33:21.363,2021-11-10 13:33:48.813,3,szerencse,fedél,egyenes,,,,,,,,,
42,BE5ABEA34DF0F3F9BE35CD8EA7B0C4E3,44,0,2021-11-10 13:34:30.358,2021-11-10 13:36:01.585,4,vonal,szám,egyenes,homok,,,,,,,,
43,6575431E478B796ABAE676004C0C22AA,9,2,2021-11-10 13:34:30.407,2021-11-10 13:35:42.908,3,benzin,telefon,daru,,,,,,,,,
44,6575431E478B796ABAE676004C0C22AA,22,5,2021-11-10 13:35:59.286,2021-11-10 13:36:40.744,3,jegy,oszt,kerek,,,,,,,,,
45,BE5ABEA34DF0F3F9BE35CD8EA7B0C4E3,38,4,2021-11-10 13:36:10.012,2021-11-10 13:36:23.608,2,béka,tüdő,,,,,,,,,,
46,000BFB801C2393E58489EB2F92B54426,31,2,2021-11-10 13:36:12.076,2021-11-10 13:36:41.012,3,hatalom,tanár,barát,,,,,,,,,
47,000BFB801C2393E58489EB2F92B54426,61,3,2021-11-10 13:36:45.734,2021-11-10 13:37:50.976,6,iskola,zebra,pénz,barát,álom,gomb,,,,,,
48,6575431E478B796ABAE676004C0C22AA,94,2,2021-11-10 13:36:48.215,2021-11-10 13:37:33.915,3,mozi,üveg,zebra,,,,,,,,,
49,BE5ABEA34DF0F3F9BE35CD8EA7B0C4E3,16,7,2021-11-10 13:37:15.118,2021-11-10 13:38:29.857,2,sötét,park,,,,,,,,,,
50,6575431E478B796ABAE676004C0C22AA,3,6,2021-11-10 13:37:49.467,2021-11-10 13:39:00.911,5,teherautó,benzin,olaj,harang,bánya,,,,,,,
51,000BFB801C2393E58489EB2F92B54426,26,2,2021-11-10 13:37:58.582,2021-11-10 13:38:29.528,4,figura,kocka,árnyék,szív,,,,,,,,
52,BE5ABEA34DF0F3F9BE35CD8EA7B0C4E3,91,4,2021-11-10 13:38:33.792,2021-11-10 13:39:55.675,2,forma,kormány,,,,,,,,,,
53,000BFB801C2393E58489EB2F92B54426,48,5,2021-11-10 13:38:53.152,2021-11-10 13:39:26.542,5,pálya,kormány,autó,élet,pilóta,,,,,,,
54,000BFB801C2393E58489EB2F92B54426,75,0,2021-11-10 13:39:28.8,2021-11-10 13:40:25.686,6,tiszta,olaj,virág,hideg,láda,szürke,,,,,,
55,6575431E478B796ABAE676004C0C22AA,96,0,2021-11-10 13:39:45.123,2021-11-10 13:42:22.154,5,ruha,szoknya,kritikus,szék,pohár,,,,,,,
56,BE5ABEA34DF0F3F9BE35CD8EA7B0C4E3,9,6,2021-11-10 13:39:58.634,2021-11-10 13:41:24.297,4,féreg,boszorkány,idegen,nehéz,,,,,,,,
57,000BFB801C2393E58489EB2F92B54426,17,5,2021-11-10 13:40:29.363,2021-11-10 13:42:36.952,3,gyémánt,rózsa,játék,,,,,,,,,
58,651CD7C98BFFDB133FD6BB66ADF342BA,29,0,2021-11-10 13:41:19.643,2021-11-10 13:41:52.478,5,toll,ügyvéd,tudós,puska,papír,,,,,,,
59,BE5ABEA34DF0F3F9BE35CD8EA7B0C4E3,42,0,2021-11-10 13:41:31.249,2021-11-10 13:43:00.473,5,iskola,szám,oszt,görög,vonal,,,,,,,
60,651CD7C98BFFDB133FD6BB66ADF342BA,47,4,2021-11-10 13:42:02.728,2021-11-10 13:42:33.615,2,függ,lovag,,,,,,,,,,
61,651CD7C98BFFDB133FD6BB66ADF342BA,77,6,2021-11-10 13:42:36.981,2021-11-10 13:43:23.059,6,boszorkány,csokoládé,csöpp,árnyék,üveg,ajtó,,,,,,
62,000BFB801C2393E58489EB2F92B54426,36,6,2021-11-10 13:42:38.865,2021-11-10 13:43:54.091,5,távolság,gomb,kormány,helikopter,ügynök,,,,,,,
63,6575431E478B796ABAE676004C0C22AA,92,1,2021-11-10 13:42:50.151,2021-11-10 13:43:18.957,2,kereszt,arany,,,,,,,,,,
64,BE5ABEA34DF0F3F9BE35CD8EA7B0C4E3,34,3,2021-11-10 13:43:17.655,2021-11-10 13:44:01.246,5,iskola,pisztoly,kard,határ,kártya,,,,,,,
65,6575431E478B796ABAE676004C0C22AA,99,5,2021-11-10 13:43:25.909,2021-11-10 13:43:50.316,3,telefon,gitár,zebra,,,,,,,,,
66,BE5ABEA34DF0F3F9BE35CD8EA7B0C4E3,35,3,2021-11-10 13:44:32.648,2021-11-10 13:45:40.109,6,forma,édes,király,királynő,forrás,csillag,,,,,,
67,6BEED0E07BFDBA74B118DEC5C44CB116,24,3,2021-11-10 13:53:51.039,2021-11-10 13:54:32.565,4,kölyök,zebra,ordít,boszorkány,,,,,,,,
68,6BEED0E07BFDBA74B118DEC5C44CB116,55,4,2021-11-10 13:54:36.581,2021-11-10 13:54:48.32,2,ügynök,álom,,,,,,,,,,
69,BDBB624856BB603C754F52B0FEB75E30,75,6,2021-11-10 14:00:40.766,2021-11-10 14:01:45.759,6,anya,tiszta,puska,egészség,elem,koncert,,,,,,
70,BDBB624856BB603C754F52B0FEB75E30,38,2,2021-11-10 14:02:02.495,2021-11-10 14:02:52.716,5,béka,görög,hajó,háló,szív,,,,,,,
71,BDBB624856BB603C754F52B0FEB75E30,32,4,2021-11-10 14:03:02.765,2021-11-10 14:03:30.879,4,láng,templom,kalóz,szél,,,,,,,,
72,A24069F08F5CA011C766A0CD0DC16E0D,81,4,2021-11-10 14:06:33.894,2021-11-10 14:06:54.443,2,ügynök,pálya,,,,,,,,,,
73,A24069F08F5CA011C766A0CD0DC16E0D,43,3,2021-11-10 14:07:02.79,2021-11-10 14:07:44.743,5,iskola,lovag,templom,harang,tudós,,,,,,,
74,A24069F08F5CA011C766A0CD0DC16E0D,27,1,2021-11-10 14:07:48.569,2021-11-10 14:08:05.514,2,szék,színház,,,,,,,,,,
75,A24069F08F5CA011C766A0CD0DC16E0D,97,5,2021-11-10 14:08:10.785,2021-11-10 14:08:26.603,3,mese,törpe,kalóz,,,,,,,,,
76,A24069F08F5CA011C766A0CD0DC16E0D,36,8,2021-11-10 14:08:29.445,2021-11-10 14:08:36.174,3,tányér,nyit,milliomos,,,,,,,,,
77,0A0C94B2AD410409EB94B587C33E919D,27,1,2021-11-10 14:24:56.211,2021-11-10 14:25:25.158,2,színház,szék,,,,,,,,,,
78,0A0C94B2AD410409EB94B587C33E919D,41,1,2021-11-10 14:25:53.041,2021-11-10 14:26:23.668,2,pisztoly,figura,,,,,,,,,,
79,0A0C94B2AD410409EB94B587C33E919D,96,4,2021-11-10 14:26:34.378,2021-11-10 14:26:46.52,2,szoknya,ruha,,,,,,,,,,
80,6D9C0E9F0D3F0862B787E9F9890E14C3,92,0,2021-11-10 14:39:03.275,2021-11-10 14:39:56.675,3,csizma,kereszt,ajtó,,,,,,,,,
81,6D9C0E9F0D3F0862B787E9F9890E14C3,63,3,2021-11-10 14:40:08.131,2021-11-10 14:41:12.47,6,kórház,központ,anyag,betegség,vitamin,ajtó,,,,,,
82,2FE378103C7B65623142934AB1CC860A,13,4,2021-11-10 14:47:01.074,2021-11-10 14:47:19.809,2,atom,föld,,,,,,,,,,
83,2FE378103C7B65623142934AB1CC860A,57,6,2021-11-10 14:47:24.155,2021-11-10 14:48:04.901,4,tüdő,száj,mozi,kutya,,,,,,,,
84,2FE378103C7B65623142934AB1CC860A,55,4,2021-11-10 14:48:07.859,2021-11-10 14:48:14.911,2,lámpa,ügynök,,,,,,,,,,
85,2FE378103C7B65623142934AB1CC860A,18,6,2021-11-10 14:48:16.437,2021-11-10 14:49:04.966,5,hideg,kemény,torony,tanár,kaszinó,,,,,,,
86,2FE378103C7B65623142934AB1CC860A,17,8,2021-11-10 14:49:07.635,2021-11-10 14:49:40.88,3,rózsa,élet,halál,,,,,,,,,
87,2FE378103C7B65623142934AB1CC860A,51,8,2021-11-10 14:49:43.228,2021-11-10 14:49:59.714,3,szén,tető,lámpa,,,,,,,,,
88,2FE378103C7B65623142934AB1CC860A,46,2,2021-11-10 14:50:01.802,2021-11-10 14:50:14.926,3,lyuk,szikra,arany,,,,,,,,,
89,2FE378103C7B65623142934AB1CC860A,27,8,2021-11-10 14:50:53.458,2021-11-10 14:51:28.035,3,betegség,koporsó,csempész,,,,,,,,,
90,CE5890F08571C73714193B2057EF0C63,52,8,2021-11-10 14:53:44.395,2021-11-10 14:55:00.439,3,hatalom,szín,udvar,,,,,,,,,
91,CE5890F08571C73714193B2057EF0C63,71,7,2021-11-10 14:55:07.701,2021-11-10 14:56:03.591,2,volt,szakasz,,,,,,,,,,
92,CE5890F08571C73714193B2057EF0C63,93,7,2021-11-10 14:56:08.03,2021-11-10 14:56:38.237,2,kréta,nyit,,,,,,,,,,
93,CE5890F08571C73714193B2057EF0C63,82,8,2021-11-10 14:56:44.4,2021-11-10 14:57:10.202,5,rendőr,katona,térkép,medve,gerinc,,,,,,,
94,BE2FA3D30DB0D527078C18FA1B8A1F20,36,4,2021-11-10 15:32:32.515,2021-11-10 15:33:32.724,2,helikopter,kormány,,,,,,,,,,
95,89BDEF3E85C74161DEB0CC55964EC8D1,87,8,2021-11-10 15:32:48.688,2021-11-10 15:33:02.405,3,vonal,kréta,mező,,,,,,,,,
96,89BDEF3E85C74161DEB0CC55964EC8D1,40,0,2021-11-10 15:33:05.102,2021-11-10 15:33:31.4,6,kórház,orvos,kulcs,kard,kormány,daru,,,,,,
97,89BDEF3E85C74161DEB0CC55964EC8D1,6,1,2021-11-10 15:33:34.827,2021-11-10 15:33:49.21,2,bomba,anyag,,,,,,,,,,
98,89BDEF3E85C74161DEB0CC55964EC8D1,52,2,2021-11-10 15:33:50.698,2021-11-10 15:34:09.843,3,hatalom,kereszt,gerinc,,,,,,,,,
99,1571A3AA3B48D8443DD653FDA08C8909,37,7,2021-11-10 15:36:26.536,2021-11-10 15:37:39.988,2,nyit,zebra,,,,,,,,,,
100,1571A3AA3B48D8443DD653FDA08C8909,60,5,2021-11-10 15:37:49.487,2021-11-10 15:38:43.026,3,stadion,háló,torony,,,,,,,,,
101,BFC6E4874F37BAEC59E8B72D2874BEE1,42,7,2021-11-10 15:40:19.321,2021-11-10 15:40:37.934,2,körte,bomba,,,,,,,,,,
102,5FBC1DD2C0A6E0A1872D43EB1516ED00,3,2,2021-11-10 15:40:27.029,2021-11-10 15:41:15.586,3,ordít,bíró,templom,,,,,,,,,
103,BFC6E4874F37BAEC59E8B72D2874BEE1,60,4,2021-11-10 15:40:44.764,2021-11-10 15:41:08.454,2,hold,alak,,,,,,,,,,
104,BFC6E4874F37BAEC59E8B72D2874BEE1,40,8,2021-11-10 15:41:29.657,2021-11-10 15:42:26.722,3,nyit,kulcs,udvar,,,,,,,,,
105,5FBC1DD2C0A6E0A1872D43EB1516ED00,99,6,2021-11-10 15:42:04.099,2021-11-10 15:43:41.538,5,baba,kulcs,tojás,anyag,telefon,,,,,,,
106,BFC6E4874F37BAEC59E8B72D2874BEE1,82,3,2021-11-10 15:42:28.944,2021-11-10 15:43:14.94,5,szén,térkép,forma,játék,cirkusz,,,,,,,
107,1DC98FD84BEB630A26467FDD4C7C28D6,82,4,2021-11-10 15:43:11.177,2021-11-10 15:43:30.396,2,szél,éjszaka,,,,,,,,,,
108,1DC98FD84BEB630A26467FDD4C7C28D6,25,8,2021-11-10 15:43:35.225,2021-11-10 15:44:15.43,3,kölyök,nővér,robot,,,,,,,,,
109,BFC6E4874F37BAEC59E8B72D2874BEE1,34,2,2021-11-10 15:43:48.207,2021-11-10 15:44:13.181,3,zseni,kritikus,amazon,,,,,,,,,
110,1DC98FD84BEB630A26467FDD4C7C28D6,80,7,2021-11-10 15:44:19.241,2021-11-10 15:44:51.259,2,kormány,határ,,,,,,,,,,
111,BFC6E4874F37BAEC59E8B72D2874BEE1,72,0,2021-11-10 15:44:19.585,2021-11-10 15:45:29.997,6,távolság,kormány,puska,hullám,olaj,kereszt,,,,,,
112,1DC98FD84BEB630A26467FDD4C7C28D6,95,3,2021-11-10 15:44:53.257,2021-11-10 15:46:06.854,6,föld,kulcs,cirkusz,mozi,cipő,csizma,,,,,,
113,5FBC1DD2C0A6E0A1872D43EB1516ED00,55,2,2021-11-10 15:45:20.207,2021-11-10 15:45:42.026,3,lámpa,láng,álom,,,,,,,,,
114,5FBC1DD2C0A6E0A1872D43EB1516ED00,81,2,2021-11-10 15:45:46.762,2021-11-10 15:46:37.46,5,keret,taxi,ügynök,pálya,mező,,,,,,,
115,1DC98FD84BEB630A26467FDD4C7C28D6,50,1,2021-11-10 15:46:12.505,2021-11-10 15:46:40.74,2,kölyök,halál,,,,,,,,,,
116,BFC6E4874F37BAEC59E8B72D2874BEE1,43,2,2021-11-10 15:46:41.768,2021-11-10 15:47:02.381,4,templom,iskola,lovag,forrás,,,,,,,,
117,1DC98FD84BEB630A26467FDD4C7C28D6,38,5,2021-11-10 15:46:42.67,2021-11-10 15:47:12.825,3,béka,műanyag,hajó,,,,,,,,,
118,5FBC1DD2C0A6E0A1872D43EB1516ED00,79,2,2021-11-10 15:46:43.472,2021-11-10 15:47:05.625,3,milliomos,medve,határ,,,,,,,,,
119,5FBC1DD2C0A6E0A1872D43EB1516ED00,39,5,2021-11-10 15:47:12.077,2021-11-10 15:47:43.206,4,erdő,idegen,háború,hercegnő,,,,,,,,
120,1DC98FD84BEB630A26467FDD4C7C28D6,76,8,2021-11-10 15:47:14.861,2021-11-10 15:47:51.702,3,csöpp,hullám,csomó,,,,,,,,,
121,BFC6E4874F37BAEC59E8B72D2874BEE1,59,3,2021-11-10 15:47:48.715,2021-11-10 15:48:26.144,5,ruha,körte,kerek,nehéz,béka,,,,,,,
122,5FBC1DD2C0A6E0A1872D43EB1516ED00,60,4,2021-11-10 15:48:15.319,2021-11-10 15:48:42.681,4,árnyék,hold,alak,banán,,,,,,,,
123,BFC6E4874F37BAEC59E8B72D2874BEE1,56,7,2021-11-10 15:48:29.825,2021-11-10 15:48:51.518,2,királynő,pénz,,,,,,,,,,
124,BFC6E4874F37BAEC59E8B72D2874BEE1,7,2,2021-11-10 15:48:54.123,2021-11-10 15:49:39.473,3,betegség,szív,görög,,,,,,,,,
125,5FBC1DD2C0A6E0A1872D43EB1516ED00,35,8,2021-11-10 15:48:57.128,2021-11-10 15:49:36.616,5,forma,szem,papír,kulcs,édes,,,,,,,
126,4110C7D28B8F458985E2B0E6C2DE755C,25,7,2021-11-10 15:49:09.935,2021-11-10 15:50:07.775,2,nyit,hullám,,,,,,,,,,
127,BFC6E4874F37BAEC59E8B72D2874BEE1,78,8,2021-11-10 15:49:41.827,2021-11-10 15:50:20.799,3,sajt,méreg,tavasz,,,,,,,,,
128,BFC6E4874F37BAEC59E8B72D2874BEE1,58,2,2021-11-10 15:50:25.349,2021-11-10 15:50:55.733,3,élet,kereszt,lélek,,,,,,,,,
129,5FBC1DD2C0A6E0A1872D43EB1516ED00,2,5,2021-11-10 15:50:54.046,2021-11-10 15:51:13.463,3,hajó,háború,pálya,,,,,,,,,
130,BFC6E4874F37BAEC59E8B72D2874BEE1,0,7,2021-11-10 15:50:58.467,2021-11-10 15:51:22.266,2,puska,vonal,,,,,,,,,,
131,62207543914871186E257CF4CB19F655,34,0,2021-11-10 15:51:04.732,2021-11-10 15:51:17.636,5,műanyag,pálya,asztal,amazon,torta,,,,,,,
132,5FBC1DD2C0A6E0A1872D43EB1516ED00,22,8,2021-11-10 15:51:16.504,2021-11-10 15:51:53.259,3,gerinc,kormány,gomb,,,,,,,,,
133,BFC6E4874F37BAEC59E8B72D2874BEE1,52,4,2021-11-10 15:51:24.169,2021-11-10 15:51:42.673,2,hajt,kártya,,,,,,,,,,
134,BFC6E4874F37BAEC59E8B72D2874BEE1,95,2,2021-11-10 15:51:48.224,2021-11-10 15:52:03.379,3,csizma,távolság,cipő,,,,,,,,,
135,5FBC1DD2C0A6E0A1872D43EB1516ED00,51,4,2021-11-10 15:51:56.758,2021-11-10 15:52:06.821,2,világos,kerek,,,,,,,,,,
136,5FBC1DD2C0A6E0A1872D43EB1516ED00,17,2,2021-11-10 15:52:27.991,2021-11-10 15:52:51.241,3,rózsa,gyémánt,sárkány,,,,,,,,,
137,BFC6E4874F37BAEC59E8B72D2874BEE1,97,6,2021-11-10 15:52:28.358,2021-11-10 15:52:56.268,5,haza,csempész,kalóz,iskola,anyag,,,,,,,
138,5FBC1DD2C0A6E0A1872D43EB1516ED00,52,3,2021-11-10 15:52:53.57,2021-11-10 15:53:18.77,6,hajt,angyal,baba,udvar,kereszt,gitár,,,,,,
139,5FBC1DD2C0A6E0A1872D43EB1516ED00,54,8,2021-11-10 15:54:17.294,2021-11-10 15:54:59.259,3,óriás,koporsó,homok,,,,,,,,,
140,BFC6E4874F37BAEC59E8B72D2874BEE1,18,4,2021-11-10 15:54:19.177,2021-11-10 15:54:36.219,2,hideg,kemény,,,,,,,,,,
141,BFC6E4874F37BAEC59E8B72D2874BEE1,69,5,2021-11-10 15:54:38.186,2021-11-10 15:55:10.977,3,kutya,tánc,hotel,,,,,,,,,
142,5FBC1DD2C0A6E0A1872D43EB1516ED00,58,8,2021-11-10 15:55:02.915,2021-11-10 15:55:46.673,4,nyom,levél,kórház,gumi,,,,,,,,
143,BFC6E4874F37BAEC59E8B72D2874BEE1,21,3,2021-11-10 15:55:12.698,2021-11-10 15:57:08.875,6,forrás,park,halál,térkép,kemény,négyzet,,,,,,
144,5FBC1DD2C0A6E0A1872D43EB1516ED00,49,5,2021-11-10 15:55:50.143,2021-11-10 15:56:23.253,5,part,csavar,orvos,tánc,fűszer,,,,,,,
145,C20CC45993258376C42A2DADCC8DCD04,84,5,2021-11-10 15:56:19.013,2021-11-10 15:59:21.005,3,kenyér,leves,üveg,,,,,,,,,
146,5FBC1DD2C0A6E0A1872D43EB1516ED00,65,6,2021-11-10 15:56:35.877,2021-11-10 15:57:27.13,8,szél,udvar,stadion,kórház,kaszinó,asztal,cirkusz,láda,,,,
147,B28F57AF9318638B0376DD66F34D8B13,33,1,2021-11-10 15:57:46.01,2021-11-10 15:58:31.895,2,kard,arany,,,,,,,,,,
148,B28F57AF9318638B0376DD66F34D8B13,98,1,2021-11-10 15:58:36.798,2021-11-10 15:59:07.985,2,zseni,cirkusz,,,,,,,,,,
149,D3617C8109A9F4C83FDD48E3340E5D73,44,1,2021-11-10 15:58:51.546,2021-11-10 15:59:13.913,2,kaszinó,egyenes,,,,,,,,,,
150,B28F57AF9318638B0376DD66F34D8B13,36,8,2021-11-10 15:59:15.27,2021-11-10 16:00:23.859,3,helikopter,kormány,park,,,,,,,,,
151,D3617C8109A9F4C83FDD48E3340E5D73,90,3,2021-11-10 15:59:18.796,2021-11-10 15:59:55.561,4,templom,csillag,szerencse,követ,,,,,,,,
152,C20CC45993258376C42A2DADCC8DCD04,55,2,2021-11-10 15:59:37,2021-11-10 16:00:08.714,3,álom,láng,lámpa,,,,,,,,,
153,ED230D3B448B6E20AB9984B9396A14FB,90,1,2021-11-10 15:59:37.059,2021-11-10 16:00:18.116,2,templom,amazon,,,,,,,,,,
154,ED230D3B448B6E20AB9984B9396A14FB,55,6,2021-11-10 16:00:25.873,2021-11-10 16:03:25.614,5,csöpp,láda,lámpa,ügyvéd,denevér,,,,,,,
155,C20CC45993258376C42A2DADCC8DCD04,5,7,2021-11-10 16:01:07.556,2021-11-10 16:01:32.128,3,opera,stadion,haza,,,,,,,,,
156,798AB6AF4DD93DB3A433C1A1A2E35A53,49,3,2021-11-10 16:03:09.905,2021-11-10 16:03:40.214,5,part,árnyék,szén,kritikus,hideg,,,,,,,
157,798AB6AF4DD93DB3A433C1A1A2E35A53,61,7,2021-11-10 16:03:46.16,2021-11-10 16:04:22.769,2,kártya,pénz,,,,,,,,,,
158,ED230D3B448B6E20AB9984B9396A14FB,34,2,2021-11-10 16:04:21.876,2021-11-10 16:04:57.575,3,torta,csokoládé,asztal,,,,,,,,,
159,ED230D3B448B6E20AB9984B9396A14FB,51,2,2021-11-10 16:05:03.705,2021-11-10 16:05:28.426,3,távolság,gazda,part,,,,,,,,,
160,ED230D3B448B6E20AB9984B9396A14FB,21,8,2021-11-10 16:05:30.693,2021-11-10 16:06:07.323,3,park,térkép,négyzet,,,,,,,,,
161,ED230D3B448B6E20AB9984B9396A14FB,96,6,2021-11-10 16:06:11.571,2021-11-10 16:07:14.604,6,pohár,háló,körte,tető,szoknya,atom,,,,,,
162,ED230D3B448B6E20AB9984B9396A14FB,39,3,2021-11-10 16:07:22.67,2021-11-10 16:08:16.265,7,idegen,háború,haza,szín,erdő,rendőr,lovag,,,,,
163,026A641814A42CDEDDD5F351A767A2E2,72,7,2021-11-10 16:07:38.299,2021-11-10 16:08:22.318,2,távolság,hullám,,,,,,,,,,
164,ED230D3B448B6E20AB9984B9396A14FB,14,6,2021-11-10 16:08:21.184,2021-11-10 16:08:37.081,4,barát,kaszinó,tánc,élet,,,,,,,,
165,026A641814A42CDEDDD5F351A767A2E2,79,4,2021-11-10 16:08:33.421,2021-11-10 16:08:54.157,2,tüdő,határ,,,,,,,,,,
166,ED230D3B448B6E20AB9984B9396A14FB,81,2,2021-11-10 16:08:49.818,2021-11-10 16:09:20.274,3,ügynök,függ,taxi,,,,,,,,,
167,026A641814A42CDEDDD5F351A767A2E2,42,0,2021-11-10 16:09:10.628,2021-11-10 16:09:45.101,5,könnyű,fűszer,szék,pálya,szám,,,,,,,
168,ED230D3B448B6E20AB9984B9396A14FB,38,5,2021-11-10 16:09:29.072,2021-11-10 16:10:11.643,3,béka,hajó,tüdő,,,,,,,,,
169,026A641814A42CDEDDD5F351A767A2E2,71,2,2021-11-10 16:09:53.347,2021-11-10 16:10:26.965,4,rendőr,méreg,élet,katona,,,,,,,,
170,E2A98F4FBB75977C438C8E62E03533E9,39,7,2021-11-10 16:09:53.53,2021-11-10 16:10:20.89,2,bolt,ügyvéd,,,,,,,,,,
171,E2A98F4FBB75977C438C8E62E03533E9,81,7,2021-11-10 16:10:25.926,2021-11-10 16:10:49.209,3,tanár,alak,mező,,,,,,,,,
172,ED230D3B448B6E20AB9984B9396A14FB,4,4,2021-11-10 16:10:50.628,2021-11-10 16:11:07.571,2,halál,hercegnő,,,,,,,,,,
173,591CAC676345EFF68FE693CF43A13A2B,96,6,2021-11-10 16:10:51.343,2021-11-10 16:11:54.078,6,pohár,játék,telefon,szék,atom,ruha,,,,,,
174,896B0801866A17ED016B7D4A23B73618,20,8,2021-11-10 16:10:51.452,2021-11-10 16:11:40.965,3,hullám,hajt,csillag,,,,,,,,,
175,ED230D3B448B6E20AB9984B9396A14FB,25,5,2021-11-10 16:11:12.028,2021-11-10 16:11:36.135,3,tévé,mozi,nyom,,,,,,,,,
176,896B0801866A17ED016B7D4A23B73618,8,6,2021-11-10 16:11:45.858,2021-11-10 16:12:12.967,5,száj,egyenes,papír,oszlop,torony,,,,,,,
177,855C7E25157142899DD912D31738D80A,63,3,2021-11-10 16:11:53.346,2021-11-10 16:13:51.902,6,kórház,központ,vitamin,betegség,ajtó,telefon,,,,,,
178,ED230D3B448B6E20AB9984B9396A14FB,48,6,2021-11-10 16:12:13.825,2021-11-10 16:12:58.933,6,fűszer,élet,pilóta,világos,bálna,kormány,,,,,,
179,E4BAAE8D2A5D4FF0B13267769F1DB080,53,6,2021-11-10 16:12:26.927,2021-11-10 16:17:25.587,3,bíró,puska,szakít,,,,,,,,,
180,ED230D3B448B6E20AB9984B9396A14FB,58,6,2021-11-10 16:13:38.933,2021-11-10 16:14:09.632,4,műanyag,tévé,gumi,tető,,,,,,,,
181,ED230D3B448B6E20AB9984B9396A14FB,3,1,2021-11-10 16:14:13.233,2021-11-10 16:14:47.359,2,templom,harang,,,,,,,,,,
182,42DB1A734832A0A5C0372E7F4B0A11EB,40,5,2021-11-10 16:14:16.34,2021-11-10 16:15:31.117,3,mező,udvar,tavasz,,,,,,,,,
183,855C7E25157142899DD912D31738D80A,73,8,2021-11-10 16:14:35.919,2021-11-10 16:15:00.629,3,szakács,jogász,nővér,,,,,,,,,
184,ED230D3B448B6E20AB9984B9396A14FB,61,6,2021-11-10 16:15:12.11,2021-11-10 16:15:30.96,4,pénz,kártya,gomb,gyűrű,,,,,,,,
185,42DB1A734832A0A5C0372E7F4B0A11EB,92,2,2021-11-10 16:15:33.948,2021-11-10 16:16:19.342,3,bank,forrás,óriás,,,,,,,,,
186,ED230D3B448B6E20AB9984B9396A14FB,53,8,2021-11-10 16:15:35.716,2021-11-10 16:16:02.297,3,koncert,motor,puska,,,,,,,,,
187,ED230D3B448B6E20AB9984B9396A14FB,83,8,2021-11-10 16:16:07.059,2021-11-10 16:16:21.384,3,háború,tánc,szellem,,,,,,,,,
188,ED230D3B448B6E20AB9984B9396A14FB,65,8,2021-11-10 16:16:26.202,2021-11-10 16:16:46.361,3,édes,csokoládé,asztal,,,,,,,,,
189,42DB1A734832A0A5C0372E7F4B0A11EB,86,7,2021-11-10 16:16:27.804,2021-11-10 16:16:58.87,2,háború,bálna,,,,,,,,,,
190,ED230D3B448B6E20AB9984B9396A14FB,52,1,2021-11-10 16:16:52.721,2021-11-10 16:17:01.755,2,part,forrás,,,,,,,,,,
191,E4BAAE8D2A5D4FF0B13267769F1DB080,68,1,2021-11-10 16:17:30.712,2021-11-10 16:17:52.913,2,repül,kréta,,,,,,,,,,
192,8FD4B5547B5036AB2D0ED5FF41963AA2,63,3,2021-11-10 16:17:32.962,2021-11-10 16:18:52.514,6,kréta,anyag,kórház,központ,betegség,háború,,,,,,
193,8FD4B5547B5036AB2D0ED5FF41963AA2,62,2,2021-11-10 16:19:01.047,2021-11-10 16:19:26.701,3,tanár,kenyér,csiga,,,,,,,,,
194,C13EED39E0E734732D43C8F7848725D8,13,4,2021-11-10 16:19:35.376,2021-11-10 16:19:44.942,2,tábla,levél,,,,,,,,,,
195,ED230D3B448B6E20AB9984B9396A14FB,80,4,2021-11-10 16:19:41.052,2021-11-10 16:19:57.76,2,nyúl,virág,,,,,,,,,,
196,ED230D3B448B6E20AB9984B9396A14FB,8,3,2021-11-10 16:20:01.888,2021-11-10 16:20:19.986,5,kórház,csatorna,iskola,oszlop,torony,,,,,,,
197,ED230D3B448B6E20AB9984B9396A14FB,16,4,2021-11-10 16:20:23.728,2021-11-10 16:20:29.96,2,iskola,ügyvéd,,,,,,,,,,
198,ED230D3B448B6E20AB9984B9396A14FB,9,8,2021-11-10 16:20:34.043,2021-11-10 16:20:47.426,3,boszorkány,idegen,követ,,,,,,,,,
199,1222E29144022AEC4FB20C8E181DEA3C,97,6,2021-11-10 16:20:46.256,2021-11-10 16:21:48.904,5,haza,csempész,kalóz,csatorna,térkép,,,,,,,
200,ED230D3B448B6E20AB9984B9396A14FB,40,1,2021-11-10 16:21:05.258,2021-11-10 16:21:26.231,2,kulcs,szakács,,,,,,,,,,
201,D543ED5191B4CC0758A56C252A0FD357,37,8,2021-11-10 16:21:26.433,2021-11-10 16:22:23.405,3,körte,élet,másol,,,,,,,,,
202,ED230D3B448B6E20AB9984B9396A14FB,37,7,2021-11-10 16:21:28.014,2021-11-10 16:22:07.315,2,követ,ügyvéd,,,,,,,,,,
203,1222E29144022AEC4FB20C8E181DEA3C,25,0,2021-11-10 16:21:55.09,2021-11-10 16:22:51.068,5,banán,jogász,papír,kereszt,tanár,,,,,,,
204,ED230D3B448B6E20AB9984B9396A14FB,99,7,2021-11-10 16:22:09.052,2021-11-10 16:22:20.09,2,magyar,baba,,,,,,,,,,
205,ED230D3B448B6E20AB9984B9396A14FB,60,4,2021-11-10 16:22:23.455,2021-11-10 16:22:39.289,2,hold,torony,,,,,,,,,,
206,D543ED5191B4CC0758A56C252A0FD357,93,3,2021-11-10 16:22:35.179,2021-11-10 16:23:02.561,5,kalóz,ruha,király,tolvaj,háború,,,,,,,
207,ED230D3B448B6E20AB9984B9396A14FB,11,2,2021-11-10 16:22:41.055,2021-11-10 16:22:53.461,3,benzin,homok,csatorna,,,,,,,,,
208,ED230D3B448B6E20AB9984B9396A14FB,10,3,2021-11-10 16:22:54.215,2021-11-10 16:23:09.307,6,medve,szél,part,zöld,meleg,árnyék,,,,,,
209,ED230D3B448B6E20AB9984B9396A14FB,72,8,2021-11-10 16:23:13.209,2021-11-10 16:23:28.22,3,távolság,hullám,színház,,,,,,,,,
210,ED230D3B448B6E20AB9984B9396A14FB,13,1,2021-11-10 16:23:57.491,2021-11-10 16:24:13.721,2,atom,szén,,,,,,,,,,
211,ED230D3B448B6E20AB9984B9396A14FB,89,0,2021-11-10 16:24:17.153,2021-11-10 16:25:01.516,5,kormány,elem,pálya,opera,piramis,,,,,,,
212,ED230D3B448B6E20AB9984B9396A14FB,70,0,2021-11-10 16:25:02.962,2021-11-10 16:25:17.053,5,szakács,pilóta,hatalom,élet,olaj,,,,,,,
213,0218DEDED09FA38426AD28A89C4A548E,73,8,2021-11-10 16:33:44.981,2021-11-10 16:33:52.456,3,kaszinó,bolt,forma,,,,,,,,,
214,0218DEDED09FA38426AD28A89C4A548E,28,7,2021-11-10 16:33:55.888,2021-11-10 16:34:01.516,2,kard,tanár,,,,,,,,,,
215,0218DEDED09FA38426AD28A89C4A548E,71,0,2021-11-10 16:34:48.077,2021-11-10 16:35:23.253,5,szakasz,katona,mező,királynő,műhold,,,,,,,
216,896B0801866A17ED016B7D4A23B73618,81,7,2021-11-10 16:35:02.975,2021-11-10 16:35:56.5,2,forma,keret,,,,,,,,,,
217,7EB831098C7960761CF7F4F7F86D55BE,80,5,2021-11-10 16:36:57.186,2021-11-10 16:37:43.599,3,természet,tavasz,nyúl,,,,,,,,,
218,C769836C69175A3C3098709D04F219C5,13,6,2021-11-10 16:37:23.445,2021-11-10 16:38:13.419,5,csempész,természet,szikra,helikopter,nővér,,,,,,,
219,7EB831098C7960761CF7F4F7F86D55BE,16,7,2021-11-10 16:37:55.076,2021-11-10 16:38:41.874,2,sötét,kulcs,,,,,,,,,,
220,C769836C69175A3C3098709D04F219C5,69,6,2021-11-10 16:38:21.233,2021-11-10 16:39:11.58,6,asztal,tégla,oszlop,park,bolt,szarv,,,,,,
221,7EB831098C7960761CF7F4F7F86D55BE,5,2,2021-11-10 16:38:53.995,2021-11-10 16:39:47.479,3,barát,jogász,ügynök,,,,,,,,,
222,C769836C69175A3C3098709D04F219C5,65,2,2021-11-10 16:39:17.028,2021-11-10 16:39:42.267,3,gomb,csokoládé,udvar,,,,,,,,,
223,C769836C69175A3C3098709D04F219C5,39,1,2021-11-10 16:39:49.684,2021-11-10 16:40:05.567,2,lovag,háború,,,,,,,,,,
224,7EB831098C7960761CF7F4F7F86D55BE,82,2,2021-11-10 16:39:50.441,2021-11-10 16:41:45.703,3,térkép,tévé,forma,,,,,,,,,
225,C769836C69175A3C3098709D04F219C5,51,4,2021-11-10 16:40:10.777,2021-11-10 16:40:27.287,2,lámpa,világos,,,,,,,,,,
226,C769836C69175A3C3098709D04F219C5,67,4,2021-11-10 16:40:30.729,2021-11-10 16:40:56.227,3,anyag,vitamin,elem,,,,,,,,,
227,C769836C69175A3C3098709D04F219C5,40,4,2021-11-10 16:41:02.686,2021-11-10 16:41:47.57,3,kulcs,nyit,alak,,,,,,,,,
228,1660255C5FB1A2C1790BCE0939335FAB,30,2,2021-11-10 16:58:33.149,2021-11-10 16:59:16.689,3,szellem,cirkusz,mese,,,,,,,,,
229,1660255C5FB1A2C1790BCE0939335FAB,82,7,2021-11-10 16:59:21.2,2021-11-10 16:59:44.84,2,katona,haza,,,,,,,,,,
230,1660255C5FB1A2C1790BCE0939335FAB,98,7,2021-11-10 16:59:47.993,2021-11-10 17:00:16.85,2,haza,kórház,,,,,,,,,,
231,1660255C5FB1A2C1790BCE0939335FAB,10,7,2021-11-10 17:00:22.547,2021-11-10 17:00:33.511,2,csavar,tévé,,,,,,,,,,
232,1660255C5FB1A2C1790BCE0939335FAB,39,5,2021-11-10 17:00:35.86,2021-11-10 17:00:47.297,3,haza,háború,hercegnő,,,,,,,,,
233,1660255C5FB1A2C1790BCE0939335FAB,55,3,2021-11-10 17:00:49.39,2021-11-10 17:01:09.489,6,lámpa,bolt,csiga,katona,ügynök,láda,,,,,,
234,1660255C5FB1A2C1790BCE0939335FAB,89,3,2021-11-10 17:01:12.184,2021-11-10 17:01:25.41,5,lovag,kormány,kard,kereszt,levél,,,,,,,
235,1660255C5FB1A2C1790BCE0939335FAB,16,0,2021-11-10 17:01:27.332,2021-11-10 17:01:41.995,4,iskola,kulcs,ügynök,rendőr,,,,,,,,
236,1660255C5FB1A2C1790BCE0939335FAB,73,5,2021-11-10 17:01:44.221,2021-11-10 17:01:58.006,4,cápa,gyűrű,szín,kaszinó,,,,,,,,
237,1660255C5FB1A2C1790BCE0939335FAB,24,2,2021-11-10 17:02:18.407,2021-11-10 17:02:28.545,4,szoknya,ordít,méreg,nehéz,,,,,,,,
238,1660255C5FB1A2C1790BCE0939335FAB,46,3,2021-11-10 17:02:31.156,2021-11-10 17:02:46.349,6,torta,féreg,szemét,orvos,forrás,hajt,,,,,,
239,1660255C5FB1A2C1790BCE0939335FAB,49,8,2021-11-10 17:02:48.085,2021-11-10 17:02:58.959,4,orvos,pilóta,iskola,ügyvéd,,,,,,,,
240,1660255C5FB1A2C1790BCE0939335FAB,63,6,2021-11-10 17:03:01.645,2021-11-10 17:03:16.523,5,királynő,tiszta,figura,négyzet,ajtó,,,,,,,
241,1660255C5FB1A2C1790BCE0939335FAB,80,1,2021-11-10 17:03:18.769,2021-11-10 17:03:26.204,2,angyal,szellem,,,,,,,,,,
242,1660255C5FB1A2C1790BCE0939335FAB,57,4,2021-11-10 17:03:27.638,2021-11-10 17:03:44.612,2,anyag,olaj,,,,,,,,,,
243,1660255C5FB1A2C1790BCE0939335FAB,18,2,2021-11-10 17:03:45.879,2021-11-10 17:03:59.669,4,szakács,levegő,hideg,kemény,,,,,,,,
244,1660255C5FB1A2C1790BCE0939335FAB,48,0,2021-11-10 17:04:01.848,2021-11-10 17:04:20.397,7,pálya,cipő,csizma,stadion,élet,nyit,tüske,,,,,
245,1660255C5FB1A2C1790BCE0939335FAB,86,7,2021-11-10 17:04:22.477,2021-11-10 17:04:34.83,3,toll,forma,háború,,,,,,,,,
246,1660255C5FB1A2C1790BCE0939335FAB,14,1,2021-11-10 17:04:36.235,2021-11-10 17:04:46.508,3,figura,kölyök,pálya,,,,,,,,,
247,CC2CB2F71AD6B07C60FF8B97D4630F77,80,6,2021-11-10 17:04:55.303,2021-11-10 17:05:52.193,6,pénz,virág,majom,nyúl,alma,angyal,,,,,,
248,77E01716D77D5FCFA60F632F6AC4F5ED,62,5,2021-11-10 17:07:27.869,2021-11-10 17:07:42.25,3,szellem,bomba,rózsa,,,,,,,,,
249,77E01716D77D5FCFA60F632F6AC4F5ED,69,7,2021-11-10 17:07:45.618,2021-11-10 17:07:58.084,2,tánc,pilóta,,,,,,,,,,
250,837F6F398BCAFC2F56EC202003443B8C,29,4,2021-11-10 17:28:27.851,2021-11-10 17:29:23.095,2,csokoládé,amazon,,,,,,,,,,
251,837F6F398BCAFC2F56EC202003443B8C,50,5,2021-11-10 17:29:27.894,2021-11-10 17:29:49.316,3,bíró,kölyök,hajt,,,,,,,,,
252,837F6F398BCAFC2F56EC202003443B8C,44,4,2021-11-10 17:29:55.147,2021-11-10 17:30:17.846,2,halál,kereszt,,,,,,,,,,
253,ADC0B8273AAB1D1B7A3F43E4E591813C,14,4,2021-11-10 17:37:22.268,2021-11-10 17:38:17.593,2,sárkány,figura,,,,,,,,,,
254,ADC0B8273AAB1D1B7A3F43E4E591813C,20,3,2021-11-10 17:38:21.674,2021-11-10 17:40:06.184,7,görög,képernyő,hajt,tüdő,jegy,hullám,műanyag,,,,,
255,ADC0B8273AAB1D1B7A3F43E4E591813C,26,5,2021-11-10 17:40:12.195,2021-11-10 17:40:34.51,3,harang,kocka,szív,,,,,,,,,
256,ADC0B8273AAB1D1B7A3F43E4E591813C,82,1,2021-11-10 17:40:42.339,2021-11-10 17:40:56.888,2,szél,éjszaka,,,,,,,,,,
257,ADC0B8273AAB1D1B7A3F43E4E591813C,45,1,2021-11-10 17:40:59.452,2021-11-10 17:41:19.089,2,vonal,szakasz,,,,,,,,,,
258,5B3B244A1A0A6D1FAF7E2BC60A7B3BD5,93,7,2021-11-10 17:54:35.433,2021-11-10 17:54:58.735,2,szél,taxi,,,,,,,,,,
259,5B3B244A1A0A6D1FAF7E2BC60A7B3BD5,63,1,2021-11-10 17:55:02.095,2021-11-10 17:55:19.982,2,telefon,anyag,,,,,,,,,,
260,5B3B244A1A0A6D1FAF7E2BC60A7B3BD5,97,4,2021-11-10 17:55:25.547,2021-11-10 17:55:30.794,2,anyag,forrás,,,,,,,,,,
261,5B3B244A1A0A6D1FAF7E2BC60A7B3BD5,89,7,2021-11-10 17:55:37.217,2021-11-10 17:55:49.211,2,stadion,pálya,,,,,,,,,,
262,12F09470CEFB9856E03A6B4D2124C12D,50,8,2021-11-10 17:56:57.765,2021-11-10 17:58:00.667,4,élet,fűszer,volt,kenyér,,,,,,,,
263,12F09470CEFB9856E03A6B4D2124C12D,2,8,2021-11-10 17:58:09.272,2021-11-10 17:58:50.881,3,világos,fekete,kenyér,,,,,,,,,
264,12F09470CEFB9856E03A6B4D2124C12D,71,4,2021-11-10 17:58:57.788,2021-11-10 17:59:20.453,4,műhold,élet,rendőr,katona,,,,,,,,
265,12F09470CEFB9856E03A6B4D2124C12D,68,1,2021-11-10 17:59:28.728,2021-11-10 18:00:07.003,2,motor,játék,,,,,,,,,,
266,12F09470CEFB9856E03A6B4D2124C12D,54,2,2021-11-10 18:00:47.679,2021-11-10 18:01:04.729,3,leves,koporsó,tető,,,,,,,,,
267,12F09470CEFB9856E03A6B4D2124C12D,13,5,2021-11-10 18:01:09.325,2021-11-10 18:01:43.928,3,nyom,atom,szikra,,,,,,,,,
268,12F09470CEFB9856E03A6B4D2124C12D,27,0,2021-11-10 18:01:48.3,2021-11-10 18:02:40.843,4,egészség,betegség,szék,tévé,,,,,,,,
269,6064DE02A8C5CC06014F2223329A8810,6,3,2021-11-10 18:04:56.838,2021-11-10 18:06:08.739,6,torta,csap,csavar,bánya,egyenes,háló,,,,,,
270,41235B3C71AB0BC0E7804A09D4208CDF,34,1,2021-11-10 18:07:12.475,2021-11-10 18:07:44.152,2,tüdő,asztal,,,,,,,,,,
271,3A6F8A7B079B6FB165264840367A1012,30,1,2021-11-10 18:17:31.129,2021-11-10 18:17:55.276,2,cirkusz,mese,,,,,,,,,,
272,D8A34F3E27F7CB54CE88BB29B452D988,67,4,2021-11-10 18:31:49.839,2021-11-10 18:32:15.124,3,anyag,kórház,angyal,,,,,,,,,
273,D8A34F3E27F7CB54CE88BB29B452D988,2,7,2021-11-10 18:32:17.473,2021-11-10 18:32:36.675,2,háború,levél,,,,,,,,,,
274,D8A34F3E27F7CB54CE88BB29B452D988,57,4,2021-11-10 18:32:39.407,2021-11-10 18:33:21.615,2,mozi,szakasz,,,,,,,,,,
275,393558DE7479919F956E7949EF2FA000,17,7,2021-11-10 20:18:24.646,2021-11-10 20:18:46.981,2,szél,élet,,,,,,,,,,
276,393558DE7479919F956E7949EF2FA000,82,0,2021-11-10 20:19:28.974,2021-11-10 20:20:06.527,4,tévé,játék,haza,térkép,,,,,,,,
277,393558DE7479919F956E7949EF2FA000,76,6,2021-11-10 20:20:20.008,2021-11-10 20:20:46.564,4,ügyvéd,magyar,hatalom,követ,,,,,,,,
278,393558DE7479919F956E7949EF2FA000,37,0,2021-11-10 20:21:06.688,2021-11-10 20:21:44.7,4,lélek,harang,zebra,szem,,,,,,,,
279,393558DE7479919F956E7949EF2FA000,41,3,2021-11-10 20:21:49.698,2021-11-10 20:22:10.476,6,forrás,tudós,törpe,bolt,csatorna,koporsó,,,,,,
280,D442ABA7A852660D6A5115D3B66495F3,98,0,2021-11-10 20:30:08.899,2021-11-10 20:33:06.522,5,gitár,zseni,cirkusz,forrás,kritikus,,,,,,,
281,60DE790702B571FDCED687474000CA9A,86,4,2021-11-10 20:30:50.583,2021-11-10 20:31:14.11,2,toll,fekete,,,,,,,,,,
282,60DE790702B571FDCED687474000CA9A,81,5,2021-11-10 20:31:22.706,2021-11-10 20:32:12.22,3,taxi,autó,pálya,,,,,,,,,
283,60DE790702B571FDCED687474000CA9A,26,4,2021-11-10 20:32:50.689,2021-11-10 20:33:05.246,2,harang,csavar,,,,,,,,,,
284,60DE790702B571FDCED687474000CA9A,42,4,2021-11-10 20:33:09.331,2021-11-10 20:33:31.32,2,kölyök,szám,,,,,,,,,,
285,D442ABA7A852660D6A5115D3B66495F3,99,7,2021-11-10 20:33:13.096,2021-11-10 20:34:00.39,2,édes,tojás,,,,,,,,,,
286,60DE790702B571FDCED687474000CA9A,60,2,2021-11-10 20:33:33.605,2021-11-10 20:34:05.92,3,banán,hold,szerencse,,,,,,,,,
287,D442ABA7A852660D6A5115D3B66495F3,1,2,2021-11-10 20:34:02.671,2021-11-10 20:34:29.354,3,tábla,képernyő,ügyvéd,,,,,,,,,
288,D442ABA7A852660D6A5115D3B66495F3,49,1,2021-11-10 20:34:32.565,2021-11-10 20:35:10.092,2,part,árnyék,,,,,,,,,,
289,D442ABA7A852660D6A5115D3B66495F3,94,2,2021-11-10 20:35:14.695,2021-11-10 20:35:44.912,3,medve,mozi,lyuk,,,,,,,,,
290,D442ABA7A852660D6A5115D3B66495F3,47,5,2021-11-10 20:35:47.565,2021-11-10 20:37:28.52,3,pilóta,bomba,lámpa,,,,,,,,,
291,D442ABA7A852660D6A5115D3B66495F3,36,1,2021-11-10 20:37:31.297,2021-11-10 20:37:48.946,2,ügynök,kormány,,,,,,,,,,
292,D442ABA7A852660D6A5115D3B66495F3,34,0,2021-11-10 20:37:52.254,2021-11-10 20:38:33.542,5,kard,pisztoly,pálya,hajt,határ,,,,,,,
293,D442ABA7A852660D6A5115D3B66495F3,37,3,2021-11-10 20:38:35.914,2021-11-10 20:38:56.862,4,fekete,szív,szem,lélek,,,,,,,,
294,D442ABA7A852660D6A5115D3B66495F3,57,2,2021-11-10 20:39:02.987,2021-11-10 20:39:29.768,3,ügynök,alma,kutya,,,,,,,,,
295,D442ABA7A852660D6A5115D3B66495F3,59,5,2021-11-10 20:39:46.385,2021-11-10 20:40:26.118,3,repül,tanár,elem,,,,,,,,,
296,D442ABA7A852660D6A5115D3B66495F3,61,7,2021-11-10 20:40:28.115,2021-11-10 20:40:45.071,2,kártya,gomb,,,,,,,,,,
297,D442ABA7A852660D6A5115D3B66495F3,72,4,2021-11-10 20:40:46.963,2021-11-10 20:41:10.221,4,kereszt,puska,kormány,kutya,,,,,,,,
298,F7DA46FCB1C83CD38A427783817E9C92,29,3,2021-11-10 21:02:32.78,2021-11-10 21:03:33.99,6,alak,kerek,királynő,virág,tojás,csokoládé,,,,,,
299,F7DA46FCB1C83CD38A427783817E9C92,35,0,2021-11-10 21:03:34.848,2021-11-10 21:04:04.78,6,tudós,csillag,amazon,szem,forma,vezet,,,,,,
300,F7DA46FCB1C83CD38A427783817E9C92,11,6,2021-11-10 21:04:28.512,2021-11-10 21:05:11.673,6,benzin,csatorna,homok,bomba,édes,csavar,,,,,,
301,F7DA46FCB1C83CD38A427783817E9C92,86,2,2021-11-10 21:06:19.927,2021-11-10 21:06:56.926,4,háború,pisztoly,bánya,arany,,,,,,,,
302,F7DA46FCB1C83CD38A427783817E9C92,94,4,2021-11-10 21:07:03.248,2021-11-10 21:07:23.235,2,láng,meleg,,,,,,,,,,
303,5038BE81E5358C4C93A1CEC121A603DA,50,7,2021-11-10 21:28:14.421,2021-11-10 21:28:39.841,2,autó,pilóta,,,,,,,,,,
304,5038BE81E5358C4C93A1CEC121A603DA,78,8,2021-11-10 21:28:44.811,2021-11-10 21:29:22.682,3,sajt,méreg,tavasz,,,,,,,,,
305,1068798893D3629FDB84C7297DA32C5C,48,3,2021-11-10 21:30:39.693,2021-11-10 21:31:47.27,7,autó,cipő,fűszer,kutya,élet,pálya,másol,,,,,
306,1068798893D3629FDB84C7297DA32C5C,45,5,2021-11-10 21:31:55.496,2021-11-10 21:32:39.43,3,vonal,éjszaka,hajó,,,,,,,,,
307,1068798893D3629FDB84C7297DA32C5C,43,5,2021-11-10 21:32:44.562,2021-11-10 21:33:03.584,3,központ,iskola,templom,,,,,,,,,
308,1068798893D3629FDB84C7297DA32C5C,93,7,2021-11-10 21:33:09.627,2021-11-10 21:33:56.487,2,tolvaj,motor,,,,,,,,,,
309,1068798893D3629FDB84C7297DA32C5C,90,8,2021-11-10 21:33:59.521,2021-11-10 21:34:31.197,3,figura,vezet,amazon,,,,,,,,,
310,1068798893D3629FDB84C7297DA32C5C,49,1,2021-11-10 21:34:36.674,2021-11-10 21:34:51.57,2,part,árnyék,,,,,,,,,,
311,1068798893D3629FDB84C7297DA32C5C,96,4,2021-11-10 21:34:54.481,2021-11-10 21:35:23.798,2,szoknya,ruha,,,,,,,,,,
312,AB5F5B2465A0E771FC8010F82D8750F4,2,1,2021-11-10 22:15:56.403,2021-11-10 22:16:21.338,2,háló,fedél,,,,,,,,,,
313,AB5F5B2465A0E771FC8010F82D8750F4,31,0,2021-11-10 22:16:36.336,2021-11-10 22:17:34.565,4,denevér,szél,sötét,árnyék,,,,,,,,
314,AB5F5B2465A0E771FC8010F82D8750F4,45,1,2021-11-10 22:17:40.288,2021-11-10 22:17:55.419,2,vonal,szakasz,,,,,,,,,,
315,AB5F5B2465A0E771FC8010F82D8750F4,68,8,2021-11-10 22:17:58.561,2021-11-10 22:18:23.113,3,meleg,kréta,tüdő,,,,,,,,,
316,AB5F5B2465A0E771FC8010F82D8750F4,81,1,2021-11-10 22:18:26.89,2021-11-10 22:18:47.236,2,színház,templom,,,,,,,,,,
317,AB5F5B2465A0E771FC8010F82D8750F4,47,4,2021-11-10 22:18:49.457,2021-11-10 22:19:18.738,2,egészség,pilóta,,,,,,,,,,
318,AB5F5B2465A0E771FC8010F82D8750F4,58,2,2021-11-10 22:19:57.347,2021-11-10 22:20:17.031,3,gyöngy,kereszt,élet,,,,,,,,,
319,AB5F5B2465A0E771FC8010F82D8750F4,4,6,2021-11-10 22:20:22.181,2021-11-10 22:20:55.612,4,hold,pisztoly,cipő,hercegnő,,,,,,,,
320,AB5F5B2465A0E771FC8010F82D8750F4,97,3,2021-11-10 22:20:59.281,2021-11-10 22:21:25.341,5,angyal,csempész,iskola,határ,forrás,,,,,,,
321,AB5F5B2465A0E771FC8010F82D8750F4,14,5,2021-11-10 22:21:57.629,2021-11-10 22:22:18.013,3,sárkány,tiszta,élet,,,,,,,,,
322,AB5F5B2465A0E771FC8010F82D8750F4,60,1,2021-11-10 22:22:20.043,2021-11-10 22:22:37.678,2,park,keret,,,,,,,,,,
323,AB5F5B2465A0E771FC8010F82D8750F4,3,1,2021-11-10 22:22:39.854,2021-11-10 22:22:53.696,2,harang,templom,,,,,,,,,,
324,AB5F5B2465A0E771FC8010F82D8750F4,51,2,2021-11-10 22:22:55.482,2021-11-10 22:23:14.497,3,gazda,távolság,part,,,,,,,,,
325,AB5F5B2465A0E771FC8010F82D8750F4,44,4,2021-11-10 22:23:44.248,2021-11-10 22:23:56.88,2,kereszt,halál,,,,,,,,,,
326,AB5F5B2465A0E771FC8010F82D8750F4,32,1,2021-11-10 22:23:58.337,2021-11-10 22:24:11.19,2,láng,templom,,,,,,,,,,
327,AB5F5B2465A0E771FC8010F82D8750F4,37,6,2021-11-10 22:24:12.858,2021-11-10 22:24:32.519,4,bánya,szív,nyit,szem,,,,,,,,
328,AB5F5B2465A0E771FC8010F82D8750F4,52,1,2021-11-10 22:24:35.197,2021-11-10 22:24:52.299,4,daru,udvar,part,hajt,,,,,,,,
329,AB5F5B2465A0E771FC8010F82D8750F4,86,3,2021-11-10 22:25:06.459,2021-11-10 22:25:40.811,6,háború,pisztoly,bánya,fekete,bálna,volt,,,,,,
330,AB5F5B2465A0E771FC8010F82D8750F4,61,3,2021-11-10 22:25:43.403,2021-11-10 22:26:04.86,6,pénz,kard,gyűrű,barát,szarv,hullám,,,,,,
331,AB5F5B2465A0E771FC8010F82D8750F4,56,4,2021-11-10 22:26:06.887,2021-11-10 22:26:23.517,3,pénz,szám,kesztyű,,,,,,,,,
332,AB5F5B2465A0E771FC8010F82D8750F4,38,8,2021-11-10 22:26:25.47,2021-11-10 22:26:51.961,4,szív,csiga,béka,labda,,,,,,,,
333,AB5F5B2465A0E771FC8010F82D8750F4,26,4,2021-11-10 22:26:55.697,2021-11-10 22:27:08.88,2,harang,csavar,,,,,,,,,,
334,AB5F5B2465A0E771FC8010F82D8750F4,35,5,2021-11-10 22:27:14.599,2021-11-10 22:27:26.617,3,magyar,kormány,édes,,,,,,,,,
335,AB5F5B2465A0E771FC8010F82D8750F4,1,1,2021-11-10 22:27:28.33,2021-11-10 22:27:43.624,2,olaj,tánc,,,,,,,,,,
336,AB5F5B2465A0E771FC8010F82D8750F4,30,5,2021-11-10 22:27:45.125,2021-11-10 22:27:53.989,3,mese,baba,szellem,,,,,,,,,
337,AB5F5B2465A0E771FC8010F82D8750F4,43,7,2021-11-10 22:27:55.247,2021-11-10 22:28:11.214,2,szakács,ügyvéd,,,,,,,,,,
338,AB5F5B2465A0E771FC8010F82D8750F4,63,8,2021-11-10 22:28:12.813,2021-11-10 22:28:29.01,3,anyag,palack,atom,,,,,,,,,
339,AB5F5B2465A0E771FC8010F82D8750F4,17,0,2021-11-10 22:28:30.528,2021-11-10 22:28:41.817,4,gyémánt,lovag,óriás,egér,,,,,,,,
340,AB5F5B2465A0E771FC8010F82D8750F4,34,1,2021-11-10 22:29:16.542,2021-11-10 22:29:27.514,2,tüdő,lyuk,,,,,,,,,,
341,AB5F5B2465A0E771FC8010F82D8750F4,57,8,2021-11-10 22:29:29.325,2021-11-10 22:29:46.032,3,sárkány,rendőr,repül,,,,,,,,,
342,AB5F5B2465A0E771FC8010F82D8750F4,19,4,2021-11-10 22:29:47.324,2021-11-10 22:30:01.862,2,koporsó,sötét,,,,,,,,,,
343,AB5F5B2465A0E771FC8010F82D8750F4,46,7,2021-11-10 22:30:15.135,2021-11-10 22:30:27.783,2,nyom,kesztyű,,,,,,,,,,
344,AB5F5B2465A0E771FC8010F82D8750F4,36,6,2021-11-10 22:30:29.924,2021-11-10 22:30:47.419,5,helikopter,kaszinó,távolság,kormány,lámpa,,,,,,,
345,AB5F5B2465A0E771FC8010F82D8750F4,64,5,2021-11-10 22:30:49.154,2021-11-10 22:30:55.389,3,természet,béka,egér,,,,,,,,,
346,62D8F1C485275A8B7463619AE02D20D8,56,2,2021-11-11 07:48:49.651,2021-11-11 07:49:11.884,3,indián,bika,pénz,,,,,,,,,
347,62D8F1C485275A8B7463619AE02D20D8,26,6,2021-11-11 07:49:17.656,2021-11-11 07:49:57.456,5,betegség,macska,görög,háború,csavar,,,,,,,
348,62D8F1C485275A8B7463619AE02D20D8,35,0,2021-11-11 07:50:03.273,2021-11-11 08:02:54.034,5,király,forma,kormány,hold,papír,,,,,,,
349,62D8F1C485275A8B7463619AE02D20D8,19,8,2021-11-11 08:02:58.006,2021-11-11 08:03:22.532,5,barát,sötét,csatorna,koporsó,hatalom,,,,,,,
350,66255BD6A522D4AC6AD528C96745A2D6,95,0,2021-11-11 10:21:56.909,2021-11-11 10:22:56.751,4,föld,távolság,ajtó,háború,,,,,,,,
351,66255BD6A522D4AC6AD528C96745A2D6,34,2,2021-11-11 10:23:02.619,2021-11-11 10:23:37.673,3,templom,torta,zseni,,,,,,,,,
352,66255BD6A522D4AC6AD528C96745A2D6,53,7,2021-11-11 10:23:40.832,2021-11-11 10:23:59.94,2,kormány,bíró,,,,,,,,,,
353,66255BD6A522D4AC6AD528C96745A2D6,27,5,2021-11-11 10:24:02.523,2021-11-11 10:24:19.897,3,szék,betegség,egészség,,,,,,,,,
354,66255BD6A522D4AC6AD528C96745A2D6,92,7,2021-11-11 10:24:24.375,2021-11-11 10:24:44.152,2,kereszt,atom,,,,,,,,,,
355,EEE333FF327309FF71170491D0A7F869,17,4,2021-11-11 10:28:26.519,2021-11-11 10:28:56.271,2,robot,halál,,,,,,,,,,
356,EEE333FF327309FF71170491D0A7F869,58,5,2021-11-11 10:30:14.503,2021-11-11 10:31:08.005,5,kereszt,tudós,csiga,majom,kutya,,,,,,,
357,EEE333FF327309FF71170491D0A7F869,51,4,2021-11-11 10:31:12.769,2021-11-11 10:31:36.222,2,lámpa,világos,,,,,,,,,,
358,EEE333FF327309FF71170491D0A7F869,99,5,2021-11-11 10:31:38.542,2021-11-11 10:32:10.749,3,gitár,motor,telefon,,,,,,,,,
359,EEE333FF327309FF71170491D0A7F869,86,4,2021-11-11 10:32:16.079,2021-11-11 10:32:47.864,4,toll,alak,törpe,forma,,,,,,,,
360,EEE333FF327309FF71170491D0A7F869,45,7,2021-11-11 10:32:49.801,2021-11-11 10:33:10.68,2,anya,stadion,,,,,,,,,,
361,FB410D99E123C65BBC4CC7FEA757BFD1,41,5,2021-11-11 10:41:20.197,2021-11-11 10:41:56.968,5,pisztoly,helikopter,csatorna,határ,motor,,,,,,,
362,FB410D99E123C65BBC4CC7FEA757BFD1,54,7,2021-11-11 10:42:01.34,2021-11-11 10:42:25.571,3,motor,lélek,cipő,,,,,,,,,
363,FB410D99E123C65BBC4CC7FEA757BFD1,35,8,2021-11-11 10:42:29.046,2021-11-11 10:42:39.282,3,kulcs,szem,jegy,,,,,,,,,
364,EB52E9827F8F55CC6CCBE7EB47A85B73,32,1,2021-11-11 11:23:27.789,2021-11-11 11:24:05.326,4,méreg,gyűrű,csillag,láda,,,,,,,,
365,A57EE58600E0ADC0EA436391CC22CDF0,4,7,2021-11-11 11:28:26.237,2021-11-11 11:29:06.162,2,motor,helikopter,,,,,,,,,,
366,A57EE58600E0ADC0EA436391CC22CDF0,47,1,2021-11-11 11:29:37.582,2021-11-11 11:30:51.221,3,kártya,lámpa,szék,,,,,,,,,
367,A57EE58600E0ADC0EA436391CC22CDF0,72,8,2021-11-11 11:30:55.698,2021-11-11 11:31:29.536,3,távolság,hullám,olaj,,,,,,,,,
368,DF6205CC034AD6067B76A4613C1C240F,36,1,2021-11-11 11:30:56.266,2021-11-11 11:31:42.235,2,oszt,távolság,,,,,,,,,,
369,A57EE58600E0ADC0EA436391CC22CDF0,5,0,2021-11-11 11:31:32.26,2021-11-11 11:32:08.086,5,pisztoly,robot,nyom,ügynök,hajt,,,,,,,
370,DF6205CC034AD6067B76A4613C1C240F,68,0,2021-11-11 11:31:47.753,2021-11-11 11:32:41.201,4,meleg,pénz,kritikus,levél,,,,,,,,
371,755664703B7D0C0EEA1361B83975E328,64,8,2021-11-11 11:39:24.986,2021-11-11 11:39:53.899,3,elem,nyom,egér,,,,,,,,,
372,755664703B7D0C0EEA1361B83975E328,74,1,2021-11-11 11:39:58.286,2021-11-11 11:40:15.48,2,medve,nyúl,,,,,,,,,,
373,714D246A9A604D925A4810BF8B07EE93,39,8,2021-11-11 11:41:22.128,2021-11-11 11:41:49.04,3,pohár,erdő,banán,,,,,,,,,
374,714D246A9A604D925A4810BF8B07EE93,14,2,2021-11-11 11:42:16.538,2021-11-11 11:44:32.541,3,nyit,lyuk,tánc,,,,,,,,,
375,714D246A9A604D925A4810BF8B07EE93,28,4,2021-11-11 11:44:36.236,2021-11-11 11:44:54.737,2,nővér,fűszer,,,,,,,,,,
376,714D246A9A604D925A4810BF8B07EE93,43,1,2021-11-11 11:44:58.748,2021-11-11 11:45:15.149,2,lovag,templom,,,,,,,,,,
377,714D246A9A604D925A4810BF8B07EE93,37,3,2021-11-11 11:45:42.631,2021-11-11 11:45:54.391,5,vonal,kenyér,másol,egér,szem,,,,,,,
378,9BE71EA3FAC320D04E2A9F8B6F60B6A9,3,4,2021-11-11 11:53:54.871,2021-11-11 11:54:35.121,2,templom,harang,,,,,,,,,,
379,6D6C0EFAB0B3B8F09CF187885B61615E,18,0,2021-11-11 12:06:59.965,2021-11-11 12:07:37.112,4,szem,pont,levegő,telefon,,,,,,,,
380,3716AF339506AD99C12F7C3BDA233B09,96,0,2021-11-11 13:56:20.393,2021-11-11 13:59:07.849,5,játék,ruha,szoknya,háló,ordít,,,,,,,
381,3716AF339506AD99C12F7C3BDA233B09,67,8,2021-11-11 13:59:22.994,2021-11-11 14:00:02.274,3,kemény,szakács,kenyér,,,,,,,,,
382,44B5F293770DDC42C778CBBE038BF743,35,2,2021-11-11 14:02:42.553,2021-11-11 14:03:37.373,3,tudós,kormány,forma,,,,,,,,,
383,44B5F293770DDC42C778CBBE038BF743,40,0,2021-11-11 14:03:41.685,2021-11-11 14:05:02.31,6,kutya,kórház,orvos,kormány,kulcs,alak,,,,,,
384,44B5F293770DDC42C778CBBE038BF743,93,3,2021-11-11 14:05:09.703,2021-11-11 14:06:04.836,5,ruha,király,udvar,láda,háború,,,,,,,
385,44B5F293770DDC42C778CBBE038BF743,11,7,2021-11-11 14:06:10.522,2021-11-11 14:06:34.11,2,oszt,kutya,,,,,,,,,,
386,44B5F293770DDC42C778CBBE038BF743,95,6,2021-11-11 14:07:03.078,2021-11-11 14:07:45.733,5,ajtó,tévé,motor,kulcs,háború,,,,,,,
387,44B5F293770DDC42C778CBBE038BF743,45,1,2021-11-11 14:07:53.326,2021-11-11 14:08:18.634,2,vonal,szakasz,,,,,,,,,,
388,3716AF339506AD99C12F7C3BDA233B09,57,2,2021-11-11 14:17:27.413,2021-11-11 14:18:23.748,3,kutya,alma,repül,,,,,,,,,
389,3716AF339506AD99C12F7C3BDA233B09,19,3,2021-11-11 14:18:27.825,2021-11-11 14:19:08.798,4,tábla,tanár,toll,csatorna,,,,,,,,
390,FF2D2411AA9E4F5D94DEFC5D7F9F0515,34,1,2021-11-11 14:39:47.075,2021-11-11 14:40:15.759,2,kritikus,zseni,,,,,,,,,,
391,FF2D2411AA9E4F5D94DEFC5D7F9F0515,73,4,2021-11-11 14:40:22.144,2021-11-11 14:40:44.433,3,gyűrű,arany,gyöngy,,,,,,,,,
392,FF2D2411AA9E4F5D94DEFC5D7F9F0515,13,7,2021-11-11 14:40:47.517,2021-11-11 14:41:08.796,2,csempész,nővér,,,,,,,,,,
393,FF2D2411AA9E4F5D94DEFC5D7F9F0515,47,5,2021-11-11 14:41:15.4,2021-11-11 14:41:44.353,3,kártya,bomba,egészség,,,,,,,,,
394,610D52989E95D33F9E926CA780ADEA38,36,6,2021-11-11 15:07:07.962,2021-11-11 15:07:28.343,5,helikopter,nyit,távolság,kormány,éjszaka,,,,,,,
395,610D52989E95D33F9E926CA780ADEA38,20,2,2021-11-11 15:07:30.288,2021-11-11 15:07:40.424,3,bánya,műanyag,háború,,,,,,,,,
396,610D52989E95D33F9E926CA780ADEA38,5,8,2021-11-11 15:07:41.921,2021-11-11 15:07:51.266,3,csap,ügynök,haza,,,,,,,,,
397,610D52989E95D33F9E926CA780ADEA38,84,3,2021-11-11 15:07:53.388,2021-11-11 15:08:09.212,6,háború,kormány,másol,tanár,puska,haza,,,,,,
398,610D52989E95D33F9E926CA780ADEA38,98,4,2021-11-11 15:08:10.765,2021-11-11 15:08:22.181,3,zseni,kritikus,királynő,,,,,,,,,
399,610D52989E95D33F9E926CA780ADEA38,22,6,2021-11-11 15:08:23.551,2021-11-11 15:08:37.509,6,kerek,lyuk,atom,láda,csöpp,pohár,,,,,,
400,610D52989E95D33F9E926CA780ADEA38,48,5,2021-11-11 15:08:39.708,2021-11-11 15:08:49.484,4,pálya,autó,bika,stadion,,,,,,,,
401,E39004730556E2ED06BE685BA7707DE0,19,0,2021-11-11 15:23:48.586,2021-11-11 15:25:21.537,4,toll,hatalom,törpe,könnyű,,,,,,,,
402,E39004730556E2ED06BE685BA7707DE0,46,4,2021-11-11 15:25:26.55,2021-11-11 15:26:07.26,2,nyom,forrás,,,,,,,,,,
403,E39004730556E2ED06BE685BA7707DE0,95,1,2021-11-11 15:26:10.905,2021-11-11 15:26:22.676,2,cipő,csizma,,,,,,,,,,
404,E39004730556E2ED06BE685BA7707DE0,76,3,2021-11-11 15:26:26.944,2021-11-11 15:27:05.432,5,lovag,követ,ügyvéd,magyar,hatalom,,,,,,,
405,E39004730556E2ED06BE685BA7707DE0,32,0,2021-11-11 15:27:09.241,2021-11-11 15:28:19.778,4,templom,bánya,föld,láng,,,,,,,,
406,E39004730556E2ED06BE685BA7707DE0,43,6,2021-11-11 15:28:23.983,2021-11-11 15:29:12.541,6,templom,iskola,száj,tudós,lovag,harang,,,,,,
407,E39004730556E2ED06BE685BA7707DE0,25,2,2021-11-11 15:29:20.444,2021-11-11 15:30:16.19,3,jogász,tanár,torony,,,,,,,,,
408,E39004730556E2ED06BE685BA7707DE0,55,7,2021-11-11 15:31:34.704,2021-11-11 15:31:47.029,2,ügynök,ügyvéd,,,,,,,,,,
409,E39004730556E2ED06BE685BA7707DE0,42,7,2021-11-11 15:31:48.463,2021-11-11 15:32:02.101,2,opera,görög,,,,,,,,,,
410,E39004730556E2ED06BE685BA7707DE0,27,5,2021-11-11 15:32:03.56,2021-11-11 15:32:11.663,3,koporsó,csempész,betegség,,,,,,,,,
411,E39004730556E2ED06BE685BA7707DE0,44,0,2021-11-11 15:32:25.001,2021-11-11 15:32:45.818,4,halál,kaszinó,szám,autó,,,,,,,,
412,E39004730556E2ED06BE685BA7707DE0,11,4,2021-11-11 15:32:48.247,2021-11-11 15:32:50.609,2,tető,villa,,,,,,,,,,
413,E39004730556E2ED06BE685BA7707DE0,88,3,2021-11-11 15:32:57.975,2021-11-11 15:33:02.102,5,árnyék,szoknya,orvos,baba,tojás,,,,,,,
414,E39004730556E2ED06BE685BA7707DE0,58,5,2021-11-11 15:33:05.45,2021-11-11 15:33:52.461,3,gumi,tudós,kutya,,,,,,,,,
415,337C6A09F01685AB6E3F1F2ABE9C831F,39,3,2021-11-11 15:42:58.526,2021-11-11 15:43:42.416,7,idegen,lovag,erdő,hercegnő,rendőr,haza,daru,,,,,
416,337C6A09F01685AB6E3F1F2ABE9C831F,85,7,2021-11-11 15:44:02.827,2021-11-11 15:44:27.57,2,kulcs,rakéta,,,,,,,,,,
417,337C6A09F01685AB6E3F1F2ABE9C831F,41,2,2021-11-11 15:44:36.154,2021-11-11 15:45:06.544,3,helikopter,atom,bolt,,,,,,,,,
418,80E69BC63102BBAFF6A7FA60F86695B9,67,8,2021-11-11 16:42:52.891,2021-11-11 16:43:03.863,3,szakács,anya,vitamin,,,,,,,,,
419,80E69BC63102BBAFF6A7FA60F86695B9,23,5,2021-11-11 16:43:17.878,2021-11-11 16:43:32.12,3,iskola,csillag,hercegnő,,,,,,,,,
420,71F83BB8D253F41ED15A25AE067067D4,47,7,2021-11-11 17:33:53.605,2021-11-11 17:34:24.072,2,király,lovag,,,,,,,,,,
421,71F83BB8D253F41ED15A25AE067067D4,6,4,2021-11-11 17:34:27.773,2021-11-11 17:34:45.401,2,háló,kesztyű,,,,,,,,,,
422,71F83BB8D253F41ED15A25AE067067D4,34,6,2021-11-11 17:34:48.005,2021-11-11 17:35:34.633,5,torta,kártya,csiga,pálya,amazon,,,,,,,
423,71F83BB8D253F41ED15A25AE067067D4,81,2,2021-11-11 17:35:37.774,2021-11-11 17:36:24.955,3,mező,pálya,ügynök,,,,,,,,,
424,71F83BB8D253F41ED15A25AE067067D4,41,7,2021-11-11 17:36:28.297,2021-11-11 17:36:53.784,3,határ,helikopter,szakasz,,,,,,,,,
425,1055AA24BCEC83ABCB01E8341005EA40,40,1,2021-11-11 20:24:25.328,2021-11-11 20:26:18.158,2,kulcs,mező,,,,,,,,,,
426,1055AA24BCEC83ABCB01E8341005EA40,1,2,2021-11-11 20:27:11.099,2021-11-11 20:28:15.118,5,orvos,tiszta,képernyő,ügyvéd,tábla,,,,,,,
427,1055AA24BCEC83ABCB01E8341005EA40,30,2,2021-11-11 20:28:58.633,2021-11-11 20:29:19.669,3,robot,szellem,pilóta,,,,,,,,,
428,1055AA24BCEC83ABCB01E8341005EA40,2,2,2021-11-11 20:29:26.453,2021-11-11 20:30:09.854,4,hajó,harang,levél,háló,,,,,,,,
429,1055AA24BCEC83ABCB01E8341005EA40,12,1,2021-11-11 20:30:26.211,2021-11-11 20:31:43.433,4,iskola,fedél,nyom,haza,,,,,,,,
430,1055AA24BCEC83ABCB01E8341005EA40,52,5,2021-11-11 20:31:54.501,2021-11-11 20:33:08.346,5,könnyű,csap,daru,kártya,gitár,,,,,,,
431,1055AA24BCEC83ABCB01E8341005EA40,50,7,2021-11-11 20:33:16.764,2021-11-11 20:35:07.081,4,színház,halál,autó,volt,,,,,,,,
432,1055AA24BCEC83ABCB01E8341005EA40,27,2,2021-11-11 20:35:39.358,2021-11-11 20:36:49.477,5,egészség,hajó,koporsó,gyűrű,csempész,,,,,,,
433,A8277E66206AF5B935A82D3F8021EB98,17,2,2021-11-11 21:36:35.632,2021-11-11 21:37:20.136,3,kormány,nadrág,óriás,,,,,,,,,
434,AE82902BE65EAC60EF0E3E9CCB831C95,47,5,2021-11-11 21:53:47.499,2021-11-11 21:55:33.781,3,bomba,pilóta,lámpa,,,,,,,,,
435,AE82902BE65EAC60EF0E3E9CCB831C95,92,5,2021-11-11 21:55:40.495,2021-11-11 21:56:34.876,3,csizma,kereszt,villa,,,,,,,,,
436,AE82902BE65EAC60EF0E3E9CCB831C95,36,1,2021-11-11 21:56:37.211,2021-11-11 21:57:29.888,3,kormány,helikopter,ügynök,,,,,,,,,
437,AE82902BE65EAC60EF0E3E9CCB831C95,7,6,2021-11-11 21:57:33.404,2021-11-11 21:58:09.998,5,szél,kutya,betegség,kalóz,figura,,,,,,,
438,864164875BB84F5F330055BEA290CB37,29,6,2021-11-11 23:20:30.741,2021-11-11 23:21:34.759,6,cipő,tojás,pohár,csokoládé,toll,féreg,,,,,,
439,864164875BB84F5F330055BEA290CB37,13,0,2021-11-11 23:21:49.207,2021-11-11 23:22:16.014,7,atom,haza,szén,természet,szikra,pálya,föld,,,,,
440,692D81C2599B7DF515CEC1A75E3BEEEC,99,6,2021-11-12 11:35:41.846,2021-11-12 11:36:55.983,6,kulcs,tojás,baba,telefon,repül,pisztoly,,,,,,
441,692D81C2599B7DF515CEC1A75E3BEEEC,7,1,2021-11-12 11:37:04.198,2021-11-12 11:37:41.701,2,műhold,szív,,,,,,,,,,
442,67757F3B181334B0D62A3339D92502CD,97,6,2021-11-12 11:55:10.988,2021-11-12 11:55:48.412,7,haza,csempész,kalóz,határ,térkép,csatorna,angyal,,,,,
443,67757F3B181334B0D62A3339D92502CD,10,5,2021-11-12 11:56:02.484,2021-11-12 11:56:41.969,5,orvos,szív,szem,meleg,könnyű,,,,,,,
444,67757F3B181334B0D62A3339D92502CD,98,0,2021-11-12 11:56:54.481,2021-11-12 11:57:49.328,6,kritikus,cirkusz,zseni,forrás,egyenes,zöld,,,,,,
445,67757F3B181334B0D62A3339D92502CD,40,7,2021-11-12 11:58:02.478,2021-11-12 11:58:38.882,3,nyit,alak,tánc,,,,,,,,,
446,67757F3B181334B0D62A3339D92502CD,32,8,2021-11-12 11:58:44.049,2021-11-12 12:00:07.943,3,szél,templom,csillag,,,,,,,,,
447,67757F3B181334B0D62A3339D92502CD,93,4,2021-11-12 12:00:10.662,2021-11-12 12:00:34.201,3,tolvaj,taxi,kalóz,,,,,,,,,
448,67757F3B181334B0D62A3339D92502CD,15,5,2021-11-12 12:00:38.092,2021-11-12 12:01:37.537,4,levegő,kenyér,boszorkány,kölyök,,,,,,,,
449,67757F3B181334B0D62A3339D92502CD,63,3,2021-11-12 12:02:29.273,2021-11-12 12:03:08.546,7,kórház,kréta,ajtó,telefon,központ,opera,betegség,,,,,
450,67757F3B181334B0D62A3339D92502CD,27,6,2021-11-12 12:03:14.196,2021-11-12 12:04:21.242,5,szerencse,hajó,sivatag,betegség,hotel,,,,,,,
451,67757F3B181334B0D62A3339D92502CD,53,0,2021-11-12 12:04:29.051,2021-11-12 12:04:57.56,5,kormány,bíró,szakít,határ,puska,,,,,,,
452,2711DC268EAB16666D1191903D444576,56,6,2021-11-12 12:13:56.064,2021-11-12 12:15:20.928,5,taxi,pénz,bika,indián,ügyvéd,,,,,,,
453,2711DC268EAB16666D1191903D444576,21,6,2021-11-12 12:15:33.902,2021-11-12 12:15:47.325,4,erdő,forrás,térkép,park,,,,,,,,
454,2711DC268EAB16666D1191903D444576,82,0,2021-11-12 12:15:53.44,2021-11-12 12:16:45.149,4,szén,alma,haza,bika,,,,,,,,
455,2711DC268EAB16666D1191903D444576,8,6,2021-11-12 12:16:50.625,2021-11-12 12:17:13.473,5,egyenes,száj,árnyék,csatorna,papír,,,,,,,
456,2711DC268EAB16666D1191903D444576,81,4,2021-11-12 12:17:22.042,2021-11-12 12:17:33.51,2,labda,pálya,,,,,,,,,,
457,2711DC268EAB16666D1191903D444576,87,3,2021-11-12 12:17:41.469,2021-11-12 12:18:24.376,4,idegen,háború,csatorna,gomb,,,,,,,,
458,2711DC268EAB16666D1191903D444576,17,3,2021-11-12 12:18:34.422,2021-11-12 12:19:27.677,4,kormány,lovag,opera,óriás,,,,,,,,
459,2711DC268EAB16666D1191903D444576,94,0,2021-11-12 12:19:31.362,2021-11-12 12:19:46.222,3,láng,meleg,apró,,,,,,,,,
460,2711DC268EAB16666D1191903D444576,71,3,2021-11-12 12:19:55.37,2021-11-12 12:20:56.504,7,élet,méreg,koporsó,toll,lyuk,tiszta,könnyű,,,,,
461,2711DC268EAB16666D1191903D444576,55,2,2021-11-12 12:21:06.89,2021-11-12 12:21:24.795,3,láng,álom,lámpa,,,,,,,,,
462,2711DC268EAB16666D1191903D444576,74,8,2021-11-12 12:21:30.267,2021-11-12 12:22:12.715,3,gyöngy,csirke,nyúl,,,,,,,,,
463,2711DC268EAB16666D1191903D444576,37,7,2021-11-12 12:22:17.651,2021-11-12 12:23:33.812,2,nyit,lélek,,,,,,,,,,
464,2711DC268EAB16666D1191903D444576,96,6,2021-11-12 12:23:37.866,2021-11-12 12:24:38.025,7,pohár,tető,háló,körte,kritikus,játék,ruha,,,,,
465,2711DC268EAB16666D1191903D444576,30,0,2021-11-12 12:24:42.848,2021-11-12 12:25:24.229,4,vitamin,hatalom,baba,oszt,,,,,,,,
466,2711DC268EAB16666D1191903D444576,9,4,2021-11-12 12:26:16.068,2021-11-12 12:26:40.4,2,boszorkány,játék,,,,,,,,,,
467,2711DC268EAB16666D1191903D444576,6,2,2021-11-12 12:26:44.986,2021-11-12 12:27:31.405,3,csavar,mozi,fűszer,,,,,,,,,
468,A0794766C9DC7F34CAE85CED2187B7CF,40,4,2021-11-12 12:33:27.248,2021-11-12 12:34:03.04,4,kormány,orvos,tánc,kard,,,,,,,,
469,BC0C69E93E00A09A98F5B7928EA4A9C9,93,0,2021-11-12 12:39:32.974,2021-11-12 12:40:24.137,5,király,udvar,ruha,háború,láda,,,,,,,
470,BC0C69E93E00A09A98F5B7928EA4A9C9,65,7,2021-11-12 12:40:31.664,2021-11-12 12:41:01.535,2,cirkusz,stadion,,,,,,,,,,
471,7D30519D80DC1BD4DF07865990DC467A,16,1,2021-11-12 14:14:36.444,2021-11-12 14:14:44.035,3,telefon,iskola,indián,,,,,,,,,
472,7D30519D80DC1BD4DF07865990DC467A,87,3,2021-11-12 14:14:49.592,2021-11-12 14:14:55.905,4,volt,mező,éjszaka,cápa,,,,,,,,
473,7D30519D80DC1BD4DF07865990DC467A,88,5,2021-11-12 14:15:00.451,2021-11-12 14:15:26.325,3,anyag,gomb,fekete,,,,,,,,,
474,7D30519D80DC1BD4DF07865990DC467A,40,4,2021-11-12 14:15:29.316,2021-11-12 14:15:48.346,2,kulcs,mező,,,,,,,,,,
475,7D30519D80DC1BD4DF07865990DC467A,75,3,2021-11-12 14:15:50.95,2021-11-12 14:16:23.964,6,virág,hideg,óriás,tiszta,láda,tanár,,,,,,
476,0C1A58DFE73B74A559702B6B638ECFC0,3,8,2021-11-12 14:48:30.461,2021-11-12 14:49:09.115,3,teherautó,benzin,olaj,,,,,,,,,
477,F1F91813839442409E72283CF04F09B6,59,5,2021-11-12 17:03:33.285,2021-11-12 17:04:01.716,3,szín,ruha,gyűrű,,,,,,,,,
478,F1F91813839442409E72283CF04F09B6,42,5,2021-11-12 17:04:24.427,2021-11-12 17:04:48.822,3,kölyök,figura,iskola,,,,,,,,,
479,F1F91813839442409E72283CF04F09B6,44,8,2021-11-12 17:05:10.252,2021-11-12 17:05:44.981,3,kaszinó,szám,homok,,,,,,,,,
480,F1F91813839442409E72283CF04F09B6,19,6,2021-11-12 17:05:58.998,2021-11-12 17:06:25.166,4,hideg,sötét,koporsó,puska,,,,,,,,
481,F1F91813839442409E72283CF04F09B6,4,1,2021-11-12 17:07:20.355,2021-11-12 17:07:37.705,2,halál,hold,,,,,,,,,,
482,F1F91813839442409E72283CF04F09B6,1,7,2021-11-12 17:07:47.627,2021-11-12 17:08:10.183,2,képernyő,ügyvéd,,,,,,,,,,
483,F1F91813839442409E72283CF04F09B6,82,3,2021-11-12 17:08:25.725,2021-11-12 17:08:47.745,5,tavasz,szén,térkép,forma,játék,,,,,,,
484,F1F91813839442409E72283CF04F09B6,43,1,2021-11-12 17:08:55.311,2021-11-12 17:09:11.4,2,lovag,templom,,,,,,,,,,
485,9DE388831EDE5BC1AC68E4076E90C070,51,5,2021-11-12 20:52:44.762,2021-11-12 20:52:59.651,3,világos,szín,egér,,,,,,,,,
486,E2C3284CE08C33CEEDE30390DEBA6FC9,76,5,2021-11-12 21:22:17.433,2021-11-12 21:22:51.278,3,ügyvéd,béka,követ,,,,,,,,,
487,E2C3284CE08C33CEEDE30390DEBA6FC9,45,4,2021-11-12 21:23:04.382,2021-11-12 21:23:28.673,2,hullám,hideg,,,,,,,,,,
488,E2C3284CE08C33CEEDE30390DEBA6FC9,83,0,2021-11-12 21:23:41.23,2021-11-12 21:24:11.052,4,cápa,háború,szellem,bíró,,,,,,,,
489,E2C3284CE08C33CEEDE30390DEBA6FC9,92,7,2021-11-12 21:24:15.941,2021-11-12 21:24:58.191,2,kereszt,mozi,,,,,,,,,,
490,E2C3284CE08C33CEEDE30390DEBA6FC9,81,7,2021-11-12 21:25:03.605,2021-11-12 21:25:36.499,2,forma,ügynök,,,,,,,,,,
491,E2C3284CE08C33CEEDE30390DEBA6FC9,80,0,2021-11-12 21:25:46.169,2021-11-12 21:26:15.115,4,virág,természet,angyal,tavasz,,,,,,,,
493,E2C3284CE08C33CEEDE30390DEBA6FC9,93,3,2021-11-12 21:27:55.52,2021-11-12 21:29:22.693,5,oroszlán,király,ruha,udvar,háború,,,,,,,
494,3C8E867554E86863C9339E366D35A1EB,71,8,2021-11-13 07:38:59.308,2021-11-13 07:39:41.298,5,rendőr,lyuk,volt,katona,koporsó,,,,,,,
495,3C8E867554E86863C9339E366D35A1EB,31,8,2021-11-13 07:39:47.081,2021-11-13 07:40:16.666,5,kulcs,tanár,szellem,forrás,szem,,,,,,,
496,3C8E867554E86863C9339E366D35A1EB,55,8,2021-11-13 07:40:21.198,2021-11-13 07:41:02.825,5,láng,rózsa,kréta,csöpp,csiga,,,,,,,
497,669A301E50B8D64196CA568383E20654,69,4,2021-11-13 15:31:15.11,2021-11-13 15:31:42.287,2,oszlop,tégla,,,,,,,,,,
498,669A301E50B8D64196CA568383E20654,76,1,2021-11-13 15:31:47.964,2021-11-13 15:32:05.11,2,lovag,banda,,,,,,,,,,
499,669A301E50B8D64196CA568383E20654,10,1,2021-11-13 15:32:38.357,2021-11-13 15:33:18.139,2,szív,kocka,,,,,,,,,,
500,669A301E50B8D64196CA568383E20654,35,4,2021-11-13 15:33:25.358,2021-11-13 15:33:44.402,2,király,mező,,,,,,,,,,
501,669A301E50B8D64196CA568383E20654,30,3,2021-11-13 15:33:47.409,2021-11-13 15:34:21.067,6,szellem,benzin,hatalom,robot,vitamin,gerinc,,,,,,
502,8FA5D605CB28580D6C2591C8C78185EC,26,2,2021-11-13 16:58:14.751,2021-11-13 16:59:08.289,5,harang,kocka,szív,macska,csavar,,,,,,,
503,8FA5D605CB28580D6C2591C8C78185EC,54,1,2021-11-13 16:59:16.711,2021-11-13 16:59:48.607,4,koporsó,ügyvéd,lélek,homok,,,,,,,,
504,8FA5D605CB28580D6C2591C8C78185EC,34,2,2021-11-13 17:00:09.1,2021-11-13 17:01:12.649,5,zseni,torta,tüdő,csokoládé,robot,,,,,,,
505,8FA5D605CB28580D6C2591C8C78185EC,15,0,2021-11-13 17:01:19.506,2021-11-13 17:02:22.078,7,kölyök,tanár,torta,kocka,kritikus,kenyér,mese,,,,,
506,8FA5D605CB28580D6C2591C8C78185EC,24,0,2021-11-13 17:02:24.154,2021-11-13 17:03:25.666,6,kölyök,zebra,ordít,lélek,kártya,boszorkány,,,,,,
507,8FA5D605CB28580D6C2591C8C78185EC,87,8,2021-11-13 17:03:32.569,2021-11-13 17:04:09.29,4,kutya,rendőr,sötét,csatorna,,,,,,,,
508,5D217EAA4BE314121F5AF87D3157FCD9,29,0,2021-11-13 17:09:51.285,2021-11-13 17:10:49.38,5,alak,kerek,királynő,amazon,cipő,,,,,,,
509,2346A931EE1943C2579BC96B799DB8B2,92,8,2021-11-13 17:11:49.617,2021-11-13 17:12:10.913,3,kocka,fűszer,villa,,,,,,,,,
510,2346A931EE1943C2579BC96B799DB8B2,45,0,2021-11-13 17:12:14.926,2021-11-13 17:13:32.311,7,homok,vonal,szám,hullám,szakasz,bálna,hatalom,,,,,
511,2346A931EE1943C2579BC96B799DB8B2,90,1,2021-11-13 17:13:36.758,2021-11-13 17:14:13.907,2,csatorna,amazon,,,,,,,,,,
512,5D217EAA4BE314121F5AF87D3157FCD9,77,5,2021-11-13 17:13:54.548,2021-11-13 17:16:42.622,3,árnyék,kritikus,boszorkány,,,,,,,,,
513,2346A931EE1943C2579BC96B799DB8B2,56,2,2021-11-13 17:14:15.359,2021-11-13 17:14:31.55,3,egyenes,sárkány,bika,,,,,,,,,
514,13FA66F60ACF213D1C90A06B88F655CB,39,8,2021-11-13 19:28:56.43,2021-11-13 19:29:54.694,5,pohár,vonal,háború,rendőr,csirke,,,,,,,
515,13FA66F60ACF213D1C90A06B88F655CB,82,1,2021-11-13 19:30:02.57,2021-11-13 19:30:37.617,2,szél,éjszaka,,,,,,,,,,
516,81A3656803E5E2FD408096A82A496C12,69,1,2021-11-13 22:26:16.08,2021-11-13 22:27:18.374,2,park,sivatag,,,,,,,,,,
517,81A3656803E5E2FD408096A82A496C12,13,7,2021-11-13 22:27:28.152,2021-11-13 22:28:09.287,2,nővér,csempész,,,,,,,,,,
518,81A3656803E5E2FD408096A82A496C12,93,8,2021-11-13 22:28:19.577,2021-11-13 22:29:18.144,3,király,kalóz,tolvaj,,,,,,,,,
519,81A3656803E5E2FD408096A82A496C12,52,5,2021-11-13 22:29:45.906,2021-11-13 22:30:46.483,3,koncert,betegség,szín,,,,,,,,,
